program_a,variant_a,program_b,variant_b,ground_truth,timestamp,response,pair_id
2013_0_1,103399,2013_0_1,99825,CLONE,2026-08-04 20:10:20,"{""answer"": ""YES-SIMILAR"", ""explanation"": ""The two snippets implement the same task and produce the same result.""}",0
2013_0_1,99825,2013_0_1,125888,CLONE,2026-08-04 20:10:24,"{""answer"": ""YES-SIMILAR"", ""explanation"": ""The two snippets implement the same task and produce the same result.""}",1
2013_0_1,125888,2013_0_1,84842,CLONE,2026-08-04 20:10:27,"{""answer"": ""YES-SIMILAR"", ""explanation"": ""The two snippets implement the same task and produce the same result.""}",2
2013_0_1,84842,2013_0_1,103399,CLONE,2026-08-04 20:10:30,"{""answer"": ""YES-SIMILAR"", ""explanation"": ""The two snippets implement the same task and produce the same result.""}",3
2013_0_1,49244,2013_0_1,98087,CLONE,2026-08-04 20:10:35,"{""answer"": ""YES-SIMILAR"", ""explanation"": ""The two snippets implement the same task and produce the same result.""}",4
2013_0_1,98087,2013_0_1,91336,CLONE,2026-08-04 20:10:38,"{""answer"": ""YES-SIMILAR"", ""explanation"": ""The two snippets implement the same task and produce the same result.""}",5
2013_0_1,91336,2013_0_1,102913,CLONE,2026-08-04 20:10:41,"{""answer"": ""YES-SIMILAR"", ""explanation"": ""The two snippets implement the same task and produce the same result.""}",6
2013_0_1,102913,2013_0_1,49244,CLONE,2026-08-04 20:10:45,"{""answer"": ""YES-SIMILAR"", ""explanation"": ""The two snippets implement the same task and produce the same result.""}",7
2013_0_1,126886,2013_0_1,72071,CLONE,2026-08-04 20:10:48,"{""answer"": ""YES-SIMILAR"", ""explanation"": ""The two snippets implement the same task and produce the same result.""}",8
2013_0_1,72071,2013_0_1,70537,CLONE,2026-08-04 20:10:52,"{""answer"": ""YES-SIMILAR"", ""explanation"": ""The two snippets implement the same task and produce the same result.""}",9
2013_0_1,70537,2013_0_1,127485,CLONE,2026-08-04 20:10:55,"{""answer"": ""YES-SIMILAR"", ""explanation"": ""The two snippets implement the same task and produce the same result.""}",10
2013_0_1,127485,2013_0_1,126886,CLONE,2026-08-04 20:10:58,"{""answer"": ""YES-SIMILAR"", ""explanation"": ""The two snippets implement the same task and produce the same result.""}",11
2013_0_2,95524,2013_0_2,83774,CLONE,2026-08-04 20:11:01,"{""answer"": ""YES-SIMILAR"", ""explanation"": ""The two snippets implement the same task and produce the same result.""}",12
2013_0_2,83774,2013_0_2,78034,CLONE,2026-08-04 20:11:04,"{""answer"": ""YES-SIMILAR"", ""explanation"": ""The two snippets implement the same task and produce the same result.""}",13
2013_0_2,78034,2013_0_2,71957,CLONE,2026-08-04 20:11:07,"{""answer"": ""YES-SIMILAR"", ""explanation"": ""The two snippets implement the same task and produce the same result.""}",14
2013_0_2,71957,2013_0_2,95524,CLONE,2026-08-04 20:11:10,"{""answer"": ""YES-SIMILAR"", ""explanation"": ""The two snippets implement the same task and produce the same result.""}",15
2013_0_2,44471,2013_0_2,140779,CLONE,2026-08-04 20:11:13,"{""answer"": ""YES-SIMILAR"", ""explanation"": ""The two snippets implement the same task and produce the same result.""}",16
2013_0_2,140779,2013_0_2,122219,CLONE,2026-08-04 20:11:17,"{""answer"": ""YES-SIMILAR"", ""explanation"": ""The two snippets implement the same task and produce the same result.""}",17
2013_0_2,122219,2013_0_2,96711,CLONE,2026-08-04 20:11:20,"{""answer"": ""YES-SIMILAR"", ""explanation"": ""The two snippets implement the same task and produce the same result.""}",18
2013_0_2,96711,2013_0_2,44471,CLONE,2026-08-04 20:11:23,"{""answer"": ""YES-SIMILAR"", ""explanation"": ""The two snippets implement the same task and produce the same result.""}",19
2013_0_2,55421,2013_0_2,91409,CLONE,2026-08-04 20:11:27,"{""answer"": ""YES-SIMILAR"", ""explanation"": ""The two snippets implement the same task and produce the same result.""}",20
2013_0_2,91409,2013_0_2,85165,CLONE,2026-08-04 20:11:30,"{""answer"": ""YES-SIMILAR"", ""explanation"": ""The two snippets implement the same task and produce the same result.""}",21
2013_0_2,85165,2013_0_2,68303,CLONE,2026-08-04 20:11:33,"{""answer"": ""YES-SIMILAR"", ""explanation"": ""The two snippets implement the same task and produce the same result.""}",22
2013_0_2,68303,2013_0_2,55421,CLONE,2026-08-04 20:11:37,"{""answer"": ""YES-SIMILAR"", ""explanation"": ""The two snippets implement the same task and produce the same result.""}",23
2013_0_3,108834,2013_0_3,102625,CLONE,2026-08-04 20:11:41,"{""answer"": ""YES-SIMILAR"", ""explanation"": ""The two snippets implement the same task and produce the same result.""}",24
2013_0_3,102625,2013_0_3,102207,CLONE,2026-08-04 20:11:44,"{""answer"": ""YES-SIMILAR"", ""explanation"": ""The two snippets implement the same task and produce the same result.""}",25
2013_0_3,102207,2013_0_3,89287,CLONE,2026-08-04 20:11:47,"{""answer"": ""YES-SIMILAR"", ""explanation"": ""The two snippets implement the same task and produce the same result.""}",26
2013_0_3,89287,2013_0_3,108834,CLONE,2026-08-04 20:11:51,"{""answer"": ""YES-SIMILAR"", ""explanation"": ""The two snippets implement the same task and produce the same result.""}",27
2013_0_3,59317,2013_0_3,81195,CLONE,2026-08-04 20:11:55,"{""answer"": ""YES-SIMILAR"", ""explanation"": ""The two snippets implement the same task and produce the same result.""}",28
2013_0_3,81195,2013_0_3,51164,CLONE,2026-08-04 20:11:58,"{""answer"": ""YES-SIMILAR"", ""explanation"": ""The two snippets implement the same task and produce the same result.""}",29
2013_0_3,51164,2013_0_3,92037,CLONE,2026-08-04 20:12:01,"{""answer"": ""YES-SIMILAR"", ""explanation"": ""The two snippets implement the same task and produce the same result.""}",30
2013_0_3,92037,2013_0_3,59317,CLONE,2026-08-04 20:12:05,"{""answer"": ""YES-SIMILAR"", ""explanation"": ""The two snippets implement the same task and produce the same result.""}",31
2013_0_3,74156,2013_0_3,53348,CLONE,2026-08-04 20:12:08,"{""answer"": ""YES-SIMILAR"", ""explanation"": ""The two snippets implement the same task and produce the same result.""}",32
2013_0_3,53348,2013_0_3,70289,CLONE,2026-08-04 20:12:12,"{""answer"": ""YES-SIMILAR"", ""explanation"": ""The two snippets implement the same task and produce the same result.""}",33
2013_0_3,70289,2013_0_3,132829,CLONE,2026-08-04 20:12:15,"{""answer"": ""YES-SIMILAR"", ""explanation"": ""The two snippets implement the same task and produce the same result.""}",34
2013_0_3,132829,2013_0_3,74156,CLONE,2026-08-04 20:12:18,"{""answer"": ""YES-SIMILAR"", ""explanation"": ""The two snippets implement the same task and produce the same result.""}",35
2013_1_1,42047,2013_1_1,28766,CLONE,2026-08-04 20:12:21,"{""answer"": ""YES-SIMILAR"", ""explanation"": ""The two snippets implement the same task and produce the same result.""}",36
2013_1_1,28766,2013_1_1,37029,CLONE,2026-08-04 20:12:24,"{""answer"": ""YES-SIMILAR"", ""explanation"": ""The two snippets implement the same task and produce the same result.""}",37
2013_1_1,37029,2013_1_1,34507,CLONE,2026-08-04 20:12:27,"{""answer"": ""YES-SIMILAR"", ""explanation"": ""The two snippets implement the same task and produce the same result.""}",38
2013_1_1,34507,2013_1_1,42047,CLONE,2026-08-04 20:12:30,"{""answer"": ""YES-SIMILAR"", ""explanation"": ""The two snippets implement the same task and produce the same result.""}",39
2013_1_1,30835,2013_1_1,30228,CLONE,2026-08-04 20:12:33,"{""answer"": ""YES-SIMILAR"", ""explanation"": ""The two snippets implement the same task and produce the same result.""}",40
2013_1_1,30228,2013_1_1,32497,CLONE,2026-08-04 20:12:37,"{""answer"": ""YES-SIMILAR"", ""explanation"": ""The two snippets implement the same task and produce the same result.""}",41
2013_1_1,32497,2013_1_1,39026,CLONE,2026-08-04 20:12:40,"{""answer"": ""YES-SIMILAR"", ""explanation"": ""The two snippets implement the same task and produce the same result.""}",42
2013_1_1,39026,2013_1_1,30835,CLONE,2026-08-04 20:12:43,"{""answer"": ""YES-SIMILAR"", ""explanation"": ""The two snippets implement the same task and produce the same result.""}",43
2013_1_1,32414,2013_1_1,30618,CLONE,2026-08-04 20:12:46,"{""answer"": ""YES-SIMILAR"", ""explanation"": ""The two snippets implement the same task and produce the same result.""}",44
2013_1_1,30618,2013_1_1,30519,CLONE,2026-08-04 20:12:49,"{""answer"": ""YES-SIMILAR"", ""explanation"": ""The two snippets implement the same task and produce the same result.""}",45
2013_1_1,30519,2013_1_1,31779,CLONE,2026-08-04 20:12:52,"{""answer"": ""YES-SIMILAR"", ""explanation"": ""The two snippets implement the same task and produce the same result.""}",46
2013_1_1,31779,2013_1_1,32414,CLONE,2026-08-04 20:12:55,"{""answer"": ""YES-SIMILAR"", ""explanation"": ""The two snippets implement the same task and produce the same result.""}",47
2014_2_1,115757,2014_2_1,131278,CLONE,2026-08-04 20:12:58,"{""answer"": ""YES-SIMILAR"", ""explanation"": ""The two snippets implement the same task and produce the same result.""}",48
2014_2_1,131278,2014_2_1,128920,CLONE,2026-08-04 20:13:03,"{""answer"": ""YES-SIMILAR"", ""explanation"": ""The two snippets implement the same task and produce the same result.""}",49
2014_2_1,128920,2014_2_1,118754,CLONE,2026-08-04 20:13:06,"{""answer"": ""YES-SIMILAR"", ""explanation"": ""The two snippets implement the same task and produce the same result.""}",50
2014_2_1,118754,2014_2_1,115757,CLONE,2026-08-04 20:13:09,"{""answer"": ""YES-SIMILAR"", ""explanation"": ""The two snippets implement the same task and produce the same result.""}",51
2014_2_1,129296,2014_2_1,119165,CLONE,2026-08-04 20:13:12,"{""answer"": ""YES-SIMILAR"", ""explanation"": ""The two snippets implement the same task and produce the same result.""}",52
2014_2_1,119165,2014_2_1,118416,CLONE,2026-08-04 20:13:15,"{""answer"": ""YES-SIMILAR"", ""explanation"": ""The two snippets implement the same task and produce the same result.""}",53
2014_2_1,118416,2014_2_1,116147,CLONE,2026-08-04 20:13:18,"{""answer"": ""YES-SIMILAR"", ""explanation"": ""The two snippets implement the same task and produce the same result.""}",54
2014_2_1,116147,2014_2_1,129296,CLONE,2026-08-04 20:13:21,"{""answer"": ""YES-SIMILAR"", ""explanation"": ""The two snippets implement the same task and produce the same result.""}",55
2014_2_1,131873,2014_2_1,118489,CLONE,2026-08-04 20:13:25,"{""answer"": ""YES-SIMILAR"", ""explanation"": ""The two snippets implement the same task and produce the same result.""}",56
2014_2_1,118489,2014_2_1,121201,CLONE,2026-08-04 20:13:30,"{""answer"": ""YES-SIMILAR"", ""explanation"": ""The two snippets implement the same task and produce the same result.""}",57
2014_2_1,121201,2014_2_1,114208,CLONE,2026-08-04 20:13:33,"{""answer"": ""YES-SIMILAR"", ""explanation"": ""The two snippets implement the same task and produce the same result.""}",58
2014_2_1,114208,2014_2_1,131873,CLONE,2026-08-04 20:13:36,"{""answer"": ""YES-SIMILAR"", ""explanation"": ""The two snippets implement the same task and produce the same result.""}",59
2014_3_1,135560,2014_3_1,138308,CLONE,2026-08-04 20:13:39,"{""answer"": ""YES-SIMILAR"", ""explanation"": ""The two snippets implement the same task and produce the same result.""}",60
2014_3_1,138308,2014_3_1,139209,CLONE,2026-08-04 20:13:42,"{""answer"": ""YES-SIMILAR"", ""explanation"": ""The two snippets implement the same task and produce the same result.""}",61
2014_3_1,139209,2014_3_1,142092,CLONE,2026-08-04 20:13:46,"{""answer"": ""YES-SIMILAR"", ""explanation"": ""The two snippets implement the same task and produce the same result.""}",62
2014_3_1,142092,2014_3_1,135560,CLONE,2026-08-04 20:13:49,"{""answer"": ""YES-SIMILAR"", ""explanation"": ""The two snippets implement the same task and produce the same result.""}",63
2014_3_1,138333,2014_3_1,134611,CLONE,2026-08-04 20:13:52,"{""answer"": ""YES-SIMILAR"", ""explanation"": ""The two snippets implement the same task and produce the same result.""}",64
2014_3_1,134611,2014_3_1,139370,CLONE,2026-08-04 20:13:55,"{""answer"": ""YES-SIMILAR"", ""explanation"": ""The two snippets implement the same task and produce the same result.""}",65
2014_3_1,139370,2014_3_1,134295,CLONE,2026-08-04 20:13:58,"{""answer"": ""YES-SIMILAR"", ""explanation"": ""The two snippets implement the same task and produce the same result.""}",66
2014_3_1,134295,2014_3_1,138333,CLONE,2026-08-04 20:14:01,"{""answer"": ""YES-SIMILAR"", ""explanation"": ""The two snippets implement the same task and produce the same result.""}",67
2014_3_1,140281,2014_3_1,132142,CLONE,2026-08-04 20:14:04,"{""answer"": ""YES-SIMILAR"", ""explanation"": ""The two snippets implement the same task and produce the same result.""}",68
2014_3_1,132142,2014_3_1,143074,CLONE,2026-08-04 20:14:08,"{""answer"": ""YES-SIMILAR"", ""explanation"": ""The two snippets implement the same task and produce the same result.""}",69
2014_3_1,143074,2014_3_1,132975,CLONE,2026-08-04 20:14:11,"{""answer"": ""YES-SIMILAR"", ""explanation"": ""The two snippets implement the same task and produce the same result.""}",70
2014_3_1,132975,2014_3_1,140281,CLONE,2026-08-04 20:14:14,"{""answer"": ""YES-SIMILAR"", ""explanation"": ""The two snippets implement the same task and produce the same result.""}",71
2015_0_1,47939,2015_0_1,44230,CLONE,2026-08-04 20:14:17,"{""answer"": ""YES-SIMILAR"", ""explanation"": ""The two snippets implement the same task and produce the same result.""}",72
2015_0_1,44230,2015_0_1,106809,CLONE,2026-08-04 20:14:20,"{""answer"": ""YES-SIMILAR"", ""explanation"": ""The two snippets implement the same task and produce the same result.""}",73
2015_0_1,106809,2015_0_1,25955,CLONE,2026-08-04 20:14:23,"{""answer"": ""YES-SIMILAR"", ""explanation"": ""The two snippets implement the same task and produce the same result.""}",74
2015_0_1,25955,2015_0_1,47939,CLONE,2026-08-04 20:14:26,"{""answer"": ""YES-SIMILAR"", ""explanation"": ""The two snippets implement the same task and produce the same result.""}",75
2015_0_1,43660,2015_0_1,64620,CLONE,2026-08-04 20:14:30,"{""answer"": ""YES-SIMILAR"", ""explanation"": ""The two snippets implement the same task and produce the same result.""}",76
2015_0_1,64620,2015_0_1,86599,CLONE,2026-08-04 20:14:33,"{""answer"": ""YES-SIMILAR"", ""explanation"": ""The two snippets implement the same task and produce the same result.""}",77
2015_0_1,86599,2015_0_1,28465,CLONE,2026-08-04 20:14:36,"{""answer"": ""YES-SIMILAR"", ""explanation"": ""The two snippets implement the same task and produce the same result.""}",78
2015_0_1,28465,2015_0_1,43660,CLONE,2026-08-04 20:14:39,"{""answer"": ""YES-SIMILAR"", ""explanation"": ""The two snippets implement the same task and produce the same result.""}",79
2015_0_1,100718,2015_0_1,65110,CLONE,2026-08-04 20:14:42,"{""answer"": ""YES-SIMILAR"", ""explanation"": ""The two snippets implement the same task and produce the same result.""}",80
2015_0_1,65110,2015_0_1,60803,CLONE,2026-08-04 20:14:45,"{""answer"": ""YES-SIMILAR"", ""explanation"": ""The two snippets implement the same task and produce the same result.""}",81
2015_0_1,60803,2015_0_1,96593,CLONE,2026-08-04 20:14:48,"{""answer"": ""YES-SIMILAR"", ""explanation"": ""The two snippets implement the same task and produce the same result.""}",82
2015_0_1,96593,2015_0_1,100718,CLONE,2026-08-04 20:14:52,"{""answer"": ""YES-SIMILAR"", ""explanation"": ""The two snippets implement the same task and produce the same result.""}",83
2015_0_2,91000,2015_0_2,96440,CLONE,2026-08-04 20:14:55,"{""answer"": ""YES-SIMILAR"", ""explanation"": ""The two snippets implement the same task and produce the same result.""}",84
2015_0_2,96440,2015_0_2,36519,CLONE,2026-08-04 20:14:58,"{""answer"": ""YES-SIMILAR"", ""explanation"": ""The two snippets implement the same task and produce the same result.""}",85
2015_0_2,36519,2015_0_2,103402,CLONE,2026-08-04 20:15:02,"{""answer"": ""YES-SIMILAR"", ""explanation"": ""The two snippets implement the same task and produce the same result.""}",86
2015_0_2,103402,2015_0_2,91000,CLONE,2026-08-04 20:15:05,"{""answer"": ""YES-SIMILAR"", ""explanation"": ""The two snippets implement the same task and produce the same result.""}",87
2015_0_2,21812,2015_0_2,88257,CLONE,2026-08-04 20:15:08,"{""answer"": ""YES-SIMILAR"", ""explanation"": ""The two snippets implement the same task and produce the same result.""}",88
2015_0_2,88257,2015_0_2,81081,CLONE,2026-08-04 20:15:12,"{""answer"": ""YES-SIMILAR"", ""explanation"": ""The two snippets implement the same task and produce the same result.""}",89
2015_0_2,81081,2015_0_2,102321,CLONE,2026-08-04 20:15:15,"{""answer"": ""YES-SIMILAR"", ""explanation"": ""The two snippets implement the same task and produce the same result.""}",90
2015_0_2,102321,2015_0_2,21812,CLONE,2026-08-04 20:15:17,"{""answer"": ""YES-SIMILAR"", ""explanation"": ""The two snippets implement the same task and produce the same result.""}",91
2015_0_2,40957,2015_0_2,38840,CLONE,2026-08-04 20:15:20,"{""answer"": ""YES-SIMILAR"", ""explanation"": ""The two snippets implement the same task and produce the same result.""}",92
2015_0_2,38840,2015_0_2,100159,CLONE,2026-08-04 20:15:23,"{""answer"": ""YES-SIMILAR"", ""explanation"": ""The two snippets implement the same task and produce the same result.""}",93
2015_0_2,100159,2015_0_2,55775,CLONE,2026-08-04 20:15:26,"{""answer"": ""YES-SIMILAR"", ""explanation"": ""The two snippets implement the same task and produce the same result.""}",94
2015_0_2,55775,2015_0_2,40957,CLONE,2026-08-04 20:15:30,"{""answer"": ""YES-SIMILAR"", ""explanation"": ""The two snippets implement the same task and produce the same result.""}",95
2015_0_3,42051,2015_0_3,41900,CLONE,2026-08-04 20:15:34,"{""answer"": ""YES-SIMILAR"", ""explanation"": ""The two snippets implement the same task and produce the same result.""}",96
2015_0_3,41900,2015_0_3,103585,CLONE,2026-08-04 20:15:37,"{""answer"": ""YES-SIMILAR"", ""explanation"": ""The two snippets implement the same task and produce the same result.""}",97
2015_0_3,103585,2015_0_3,19800,CLONE,2026-08-04 20:15:41,"{""answer"": ""YES-SIMILAR"", ""explanation"": ""The two snippets implement the same task and produce the same result.""}",98
2015_0_3,19800,2015_0_3,42051,CLONE,2026-08-04 20:15:44,"{""answer"": ""YES-SIMILAR"", ""explanation"": ""The two snippets implement the same task and produce the same result.""}",99
2015_0_3,47513,2015_0_3,49764,CLONE,2026-08-04 20:15:48,"{""answer"": ""YES-SIMILAR"", ""explanation"": ""The two snippets implement the same task and produce the same result.""}",100
2015_0_3,49764,2015_0_3,103774,CLONE,2026-08-04 20:15:52,"{""answer"": ""YES-SIMILAR"", ""explanation"": ""The two snippets implement the same task and produce the same result.""}",101
2015_0_3,103774,2015_0_3,102323,CLONE,2026-08-04 20:15:55,"{""answer"": ""YES-SIMILAR"", ""explanation"": ""The two snippets implement the same task and produce the same result.""}",102
2015_0_3,102323,2015_0_3,47513,CLONE,2026-08-04 20:15:59,"{""answer"": ""YES-SIMILAR"", ""explanation"": ""The two snippets implement the same task and produce the same result.""}",103
2015_0_3,96608,2015_0_3,23036,CLONE,2026-08-04 20:16:04,"{""answer"": ""YES-SIMILAR"", ""explanation"": ""The two snippets implement the same task and produce the same result.""}",104
2015_0_3,23036,2015_0_3,72742,CLONE,2026-08-04 20:16:07,"{""answer"": ""YES-SIMILAR"", ""explanation"": ""The two snippets implement the same task and produce the same result.""}",105
2015_0_3,72742,2015_0_3,18309,CLONE,2026-08-04 20:16:12,"{""answer"": ""YES-SIMILAR"", ""explanation"": ""The two snippets implement the same task and produce the same result.""}",106
2015_0_3,18309,2015_0_3,96608,CLONE,2026-08-04 20:16:16,"{""answer"": ""YES-SIMILAR"", ""explanation"": ""The two snippets implement the same task and produce the same result.""}",107
2015_0_4,86262,2015_0_4,63026,CLONE,2026-08-04 20:16:19,"{""answer"": ""YES-SIMILAR"", ""explanation"": ""The two snippets implement the same task and produce the same result.""}",108
2015_0_4,63026,2015_0_4,57828,CLONE,2026-08-04 20:16:24,"{""answer"": ""YES-SIMILAR"", ""explanation"": ""The two snippets implement the same task and produce the same result.""}",109
2015_0_4,57828,2015_0_4,68310,CLONE,2026-08-04 20:16:27,"{""answer"": ""YES-SIMILAR"", ""explanation"": ""The two snippets implement the same task and produce the same result.""}",110
2015_0_4,68310,2015_0_4,86262,CLONE,2026-08-04 20:16:30,"{""answer"": ""YES-SIMILAR"", ""explanation"": ""The two snippets implement the same task and produce the same result.""}",111
2015_0_4,30398,2015_0_4,86932,CLONE,2026-08-04 20:16:34,"{""answer"": ""YES-SIMILAR"", ""explanation"": ""The two snippets implement the same task and produce the same result.""}",112
2015_0_4,86932,2015_0_4,94256,CLONE,2026-08-04 20:16:37,"{""answer"": ""YES-SIMILAR"", ""explanation"": ""The two snippets implement the same task and produce the same result.""}",113
2015_0_4,94256,2015_0_4,19708,CLONE,2026-08-04 20:16:41,"{""answer"": ""YES-SIMILAR"", ""explanation"": ""The two snippets implement the same task and produce the same result.""}",114
2015_0_4,19708,2015_0_4,30398,CLONE,2026-08-04 20:16:44,"{""answer"": ""YES-SIMILAR"", ""explanation"": ""The two snippets implement the same task and produce the same result.""}",115
2015_0_4,29877,2015_0_4,60776,CLONE,2026-08-04 20:16:47,"{""answer"": ""YES-SIMILAR"", ""explanation"": ""The two snippets implement the same task and produce the same result.""}",116
2015_0_4,60776,2015_0_4,74018,CLONE,2026-08-04 20:16:50,"{""answer"": ""YES-SIMILAR"", ""explanation"": ""The two snippets implement the same task and produce the same result.""}",117
2015_0_4,74018,2015_0_4,78114,CLONE,2026-08-04 20:16:54,"{""answer"": ""YES-SIMILAR"", ""explanation"": ""The two snippets implement the same task and produce the same result.""}",118
2015_0_4,78114,2015_0_4,29877,CLONE,2026-08-04 20:16:58,"{""answer"": ""YES-SIMILAR"", ""explanation"": ""The two snippets implement the same task and produce the same result.""}",119
2015_1_1,112276,2015_1_1,111086,CLONE,2026-08-04 20:17:01,"{""answer"": ""YES-SIMILAR"", ""explanation"": ""The two snippets implement the same task and produce the same result.""}",120
2015_1_1,111086,2015_1_1,117734,CLONE,2026-08-04 20:17:05,"{""answer"": ""YES-SIMILAR"", ""explanation"": ""The two snippets implement the same task and produce the same result.""}",121
2015_1_1,117734,2015_1_1,122934,CLONE,2026-08-04 20:17:08,"{""answer"": ""YES-SIMILAR"", ""explanation"": ""The two snippets implement the same task and produce the same result.""}",122
2015_1_1,122934,2015_1_1,112276,CLONE,2026-08-04 20:17:11,"{""answer"": ""YES-SIMILAR"", ""explanation"": ""The two snippets implement the same task and produce the same result.""}",123
2015_1_1,118030,2015_1_1,122263,CLONE,2026-08-04 20:17:16,"{""answer"": ""YES-SIMILAR"", ""explanation"": ""The two snippets implement the same task and produce the same result.""}",124
2015_1_1,122263,2015_1_1,124602,CLONE,2026-08-04 20:17:19,"{""answer"": ""YES-SIMILAR"", ""explanation"": ""The two snippets implement the same task and produce the same result.""}",125
2015_1_1,124602,2015_1_1,111264,CLONE,2026-08-04 20:17:22,"{""answer"": ""YES-SIMILAR"", ""explanation"": ""The two snippets implement the same task and produce the same result.""}",126
2015_1_1,111264,2015_1_1,118030,CLONE,2026-08-04 20:17:25,"{""answer"": ""YES-SIMILAR"", ""explanation"": ""The two snippets implement the same task and produce the same result.""}",127
2015_1_1,112898,2015_1_1,111866,CLONE,2026-08-04 20:17:28,"{""answer"": ""YES-SIMILAR"", ""explanation"": ""The two snippets implement the same task and produce the same result.""}",128
2015_1_1,111866,2015_1_1,111647,CLONE,2026-08-04 20:17:31,"{""answer"": ""NO-NOT-SIMILAR"", ""explanation"": ""The two snippets address different tasks and do not produce the same result.""}",129
2015_1_1,111647,2015_1_1,121770,CLONE,2026-08-04 20:17:34,"{""answer"": ""NO-NOT-SIMILAR"", ""explanation"": ""The two snippets address different tasks and do not produce the same result.""}",130
2015_1_1,121770,2015_1_1,112898,CLONE,2026-08-04 20:17:37,"{""answer"": ""YES-SIMILAR"", ""explanation"": ""The two snippets implement the same task and produce the same result.""}",131
2016_0_1,76319,2016_0_1,65647,CLONE,2026-08-04 20:17:40,"{""answer"": ""YES-SIMILAR"", ""explanation"": ""The two snippets implement the same task and produce the same result.""}",132
2016_0_1,65647,2016_0_1,94639,CLONE,2026-08-04 20:17:43,"{""answer"": ""YES-SIMILAR"", ""explanation"": ""The two snippets implement the same task and produce the same result.""}",133
2016_0_1,94639,2016_0_1,48618,CLONE,2026-08-04 20:17:46,"{""answer"": ""YES-SIMILAR"", ""explanation"": ""The two snippets implement the same task and produce the same result.""}",134
2016_0_1,48618,2016_0_1,76319,CLONE,2026-08-04 20:17:49,"{""answer"": ""YES-SIMILAR"", ""explanation"": ""The two snippets implement the same task and produce the same result.""}",135
2016_0_1,117099,2016_0_1,134225,CLONE,2026-08-04 20:17:52,"{""answer"": ""YES-SIMILAR"", ""explanation"": ""The two snippets implement the same task and produce the same result.""}",136
2016_0_1,134225,2016_0_1,88781,CLONE,2026-08-04 20:17:55,"{""answer"": ""YES-SIMILAR"", ""explanation"": ""The two snippets implement the same task and produce the same result.""}",137
2016_0_1,88781,2016_0_1,39027,CLONE,2026-08-04 20:17:58,"{""answer"": ""YES-SIMILAR"", ""explanation"": ""The two snippets implement the same task and produce the same result.""}",138
2016_0_1,39027,2016_0_1,117099,CLONE,2026-08-04 20:18:02,"{""answer"": ""YES-SIMILAR"", ""explanation"": ""The two snippets implement the same task and produce the same result.""}",139
2016_0_1,100898,2016_0_1,143909,CLONE,2026-08-04 20:18:05,"{""answer"": ""YES-SIMILAR"", ""explanation"": ""The two snippets implement the same task and produce the same result.""}",140
2016_0_1,143909,2016_0_1,71388,CLONE,2026-08-04 20:18:09,"{""answer"": ""YES-SIMILAR"", ""explanation"": ""The two snippets implement the same task and produce the same result.""}",141
2016_0_1,71388,2016_0_1,113708,CLONE,2026-08-04 20:18:12,"{""answer"": ""YES-SIMILAR"", ""explanation"": ""The two snippets implement the same task and produce the same result.""}",142
2016_0_1,113708,2016_0_1,100898,CLONE,2026-08-04 20:18:15,"{""answer"": ""YES-SIMILAR"", ""explanation"": ""The two snippets implement the same task and produce the same result.""}",143
2016_0_4,136626,2016_0_4,135114,CLONE,2026-08-04 20:18:18,"{""answer"": ""YES-SIMILAR"", ""explanation"": ""The two snippets implement the same task and produce the same result.""}",144
2016_0_4,135114,2016_0_4,63570,CLONE,2026-08-04 20:18:21,"{""answer"": ""YES-SIMILAR"", ""explanation"": ""The two snippets implement the same task and produce the same result.""}",145
2016_0_4,63570,2016_0_4,80717,CLONE,2026-08-04 20:18:24,"{""answer"": ""YES-SIMILAR"", ""explanation"": ""The two snippets implement the same task and produce the same result.""}",146
2016_0_4,80717,2016_0_4,136626,CLONE,2026-08-04 20:18:28,"{""answer"": ""YES-SIMILAR"", ""explanation"": ""The two snippets implement the same task and produce the same result.""}",147
2016_0_4,125922,2016_0_4,90060,CLONE,2026-08-04 20:18:32,"{""answer"": ""YES-SIMILAR"", ""explanation"": ""The two snippets implement the same task and produce the same result.""}",148
2016_0_4,90060,2016_0_4,158305,CLONE,2026-08-04 20:18:35,"{""answer"": ""YES-SIMILAR"", ""explanation"": ""The two snippets implement the same task and produce the same result.""}",149
2016_0_4,158305,2016_0_4,139021,CLONE,2026-08-04 20:18:38,"{""answer"": ""YES-SIMILAR"", ""explanation"": ""The two snippets implement the same task and produce the same result.""}",150
2016_0_4,139021,2016_0_4,125922,CLONE,2026-08-04 20:18:41,"{""answer"": ""YES-SIMILAR"", ""explanation"": ""The two snippets implement the same task and produce the same result.""}",151
2016_0_4,99642,2016_0_4,45917,CLONE,2026-08-04 20:18:44,"{""answer"": ""YES-SIMILAR"", ""explanation"": ""The two snippets implement the same task and produce the same result.""}",152
2016_0_4,45917,2016_0_4,142083,CLONE,2026-08-04 20:18:47,"{""answer"": ""YES-SIMILAR"", ""explanation"": ""The two snippets implement the same task and produce the same result.""}",153
2016_0_4,142083,2016_0_4,37736,CLONE,2026-08-04 20:18:50,"{""answer"": ""YES-SIMILAR"", ""explanation"": ""The two snippets implement the same task and produce the same result.""}",154
2016_0_4,37736,2016_0_4,99642,CLONE,2026-08-04 20:18:54,"{""answer"": ""YES-SIMILAR"", ""explanation"": ""The two snippets implement the same task and produce the same result.""}",155
2016_1_1,15819,2016_1_1,15421,CLONE,2026-08-04 20:18:57,"{""answer"": ""YES-SIMILAR"", ""explanation"": ""The two snippets implement the same task and produce the same result.""}",156
2016_1_1,15421,2016_1_1,3308,CLONE,2026-08-04 20:19:00,"{""answer"": ""YES-SIMILAR"", ""explanation"": ""The two snippets implement the same task and produce the same result.""}",157
2016_1_1,3308,2016_1_1,3735,CLONE,2026-08-04 20:19:03,"{""answer"": ""YES-SIMILAR"", ""explanation"": ""The two snippets implement the same task and produce the same result.""}",158
2016_1_1,3735,2016_1_1,15819,CLONE,2026-08-04 20:19:06,"{""answer"": ""YES-SIMILAR"", ""explanation"": ""The two snippets implement the same task and produce the same result.""}",159
2016_1_1,28201,2016_1_1,31768,CLONE,2026-08-04 20:19:09,"{""answer"": ""YES-SIMILAR"", ""explanation"": ""The two snippets implement the same task and produce the same result.""}",160
2016_1_1,31768,2016_1_1,33316,CLONE,2026-08-04 20:19:13,"{""answer"": ""YES-SIMILAR"", ""explanation"": ""The two snippets implement the same task and produce the same result.""}",161
2016_1_1,33316,2016_1_1,18665,CLONE,2026-08-04 20:19:16,"{""answer"": ""YES-SIMILAR"", ""explanation"": ""The two snippets implement the same task and produce the same result.""}",162
2016_1_1,18665,2016_1_1,28201,CLONE,2026-08-04 20:19:19,"{""answer"": ""YES-SIMILAR"", ""explanation"": ""The two snippets implement the same task and produce the same result.""}",163
2016_1_1,22113,2016_1_1,20829,CLONE,2026-08-04 20:19:22,"{""answer"": ""YES-SIMILAR"", ""explanation"": ""The two snippets implement the same task and produce the same result.""}",164
2016_1_1,20829,2016_1_1,14703,CLONE,2026-08-04 20:19:25,"{""answer"": ""YES-SIMILAR"", ""explanation"": ""The two snippets implement the same task and produce the same result.""}",165
2016_1_1,14703,2016_1_1,4557,CLONE,2026-08-04 20:19:28,"{""answer"": ""YES-SIMILAR"", ""explanation"": ""The two snippets implement the same task and produce the same result.""}",166
2016_1_1,4557,2016_1_1,22113,CLONE,2026-08-04 20:19:31,"{""answer"": ""YES-SIMILAR"", ""explanation"": ""The two snippets implement the same task and produce the same result.""}",167
2016_1_2,23627,2016_1_2,7905,CLONE,2026-08-04 20:19:34,"{""answer"": ""YES-SIMILAR"", ""explanation"": ""The two snippets implement the same task and produce the same result.""}",168
2016_1_2,7905,2016_1_2,30453,CLONE,2026-08-04 20:19:37,"{""answer"": ""YES-SIMILAR"", ""explanation"": ""The two snippets implement the same task and produce the same result.""}",169
2016_1_2,30453,2016_1_2,22155,CLONE,2026-08-04 20:19:41,"{""answer"": ""YES-SIMILAR"", ""explanation"": ""The two snippets implement the same task and produce the same result.""}",170
2016_1_2,22155,2016_1_2,23627,CLONE,2026-08-04 20:19:44,"{""answer"": ""YES-SIMILAR"", ""explanation"": ""The two snippets implement the same task and produce the same result.""}",171
2016_1_2,26561,2016_1_2,22827,CLONE,2026-08-04 20:19:48,"{""answer"": ""YES-SIMILAR"", ""explanation"": ""The two snippets implement the same task and produce the same result.""}",172
2016_1_2,22827,2016_1_2,14745,CLONE,2026-08-04 20:19:51,"{""answer"": ""YES-SIMILAR"", ""explanation"": ""The two snippets implement the same task and produce the same result.""}",173
2016_1_2,14745,2016_1_2,21265,CLONE,2026-08-04 20:19:55,"{""answer"": ""YES-SIMILAR"", ""explanation"": ""The two snippets implement the same task and produce the same result.""}",174
2016_1_2,21265,2016_1_2,26561,CLONE,2026-08-04 20:19:58,"{""answer"": ""YES-SIMILAR"", ""explanation"": ""The two snippets implement the same task and produce the same result.""}",175
2016_1_2,21848,2016_1_2,26565,CLONE,2026-08-04 20:20:01,"{""answer"": ""YES-SIMILAR"", ""explanation"": ""The two snippets implement the same task and produce the same result.""}",176
2016_1_2,26565,2016_1_2,7956,CLONE,2026-08-04 20:20:04,"{""answer"": ""YES-SIMILAR"", ""explanation"": ""The two snippets implement the same task and produce the same result.""}",177
2016_1_2,7956,2016_1_2,19133,CLONE,2026-08-04 20:20:07,"{""answer"": ""YES-SIMILAR"", ""explanation"": ""The two snippets implement the same task and produce the same result.""}",178
2016_1_2,19133,2016_1_2,21848,CLONE,2026-08-04 20:20:10,"{""answer"": ""YES-SIMILAR"", ""explanation"": ""The two snippets implement the same task and produce the same result.""}",179
2016_2_1,201276,2016_2_1,194349,CLONE,2026-08-04 20:20:13,"{""answer"": ""YES-SIMILAR"", ""explanation"": ""The two snippets implement the same task and produce the same result.""}",180
2016_2_1,194349,2016_2_1,185295,CLONE,2026-08-04 20:20:17,"{""answer"": ""YES-SIMILAR"", ""explanation"": ""The two snippets implement the same task and produce the same result.""}",181
2016_2_1,185295,2016_2_1,198100,CLONE,2026-08-04 20:20:20,"{""answer"": ""YES-SIMILAR"", ""explanation"": ""The two snippets implement the same task and produce the same result.""}",182
2016_2_1,198100,2016_2_1,201276,CLONE,2026-08-04 20:20:24,"{""answer"": ""YES-SIMILAR"", ""explanation"": ""The two snippets implement the same task and produce the same result.""}",183
2016_2_1,180026,2016_2_1,186531,CLONE,2026-08-04 20:20:27,"{""answer"": ""YES-SIMILAR"", ""explanation"": ""The two snippets implement the same task and produce the same result.""}",184
2016_2_1,186531,2016_2_1,196651,CLONE,2026-08-04 20:20:31,"{""answer"": ""NO-NOT-SIMILAR"", ""explanation"": ""The two snippets address different tasks and do not produce the same result.""}",185
2016_2_1,196651,2016_2_1,193717,CLONE,2026-08-04 20:20:34,"{""answer"": ""YES-SIMILAR"", ""explanation"": ""The two snippets implement the same task and produce the same result.""}",186
2016_2_1,193717,2016_2_1,180026,CLONE,2026-08-04 20:20:37,"{""answer"": ""YES-SIMILAR"", ""explanation"": ""The two snippets implement the same task and produce the same result.""}",187
2016_2_1,193929,2016_2_1,179503,CLONE,2026-08-04 20:20:41,"{""answer"": ""YES-SIMILAR"", ""explanation"": ""The two snippets implement the same task and produce the same result.""}",188
2016_2_1,179503,2016_2_1,182378,CLONE,2026-08-04 20:20:44,"{""answer"": ""YES-SIMILAR"", ""explanation"": ""The two snippets implement the same task and produce the same result.""}",189
2016_2_1,182378,2016_2_1,200006,CLONE,2026-08-04 20:20:48,"{""answer"": ""YES-SIMILAR"", ""explanation"": ""The two snippets implement the same task and produce the same result.""}",190
2016_2_1,200006,2016_2_1,193929,CLONE,2026-08-04 20:20:52,"{""answer"": ""YES-SIMILAR"", ""explanation"": ""The two snippets implement the same task and produce the same result.""}",191
2013_0_1,103399,2015_0_2,96440,NON-CLONE,2026-08-04 20:20:55,"{""answer"": ""NO-NOT-SIMILAR"", ""explanation"": ""The two snippets address different tasks and do not produce the same result.""}",192
2013_0_1,49244,2016_2_1,186531,NON-CLONE,2026-08-04 20:20:59,"{""answer"": ""NO-NOT-SIMILAR"", ""explanation"": ""The two snippets address different tasks and do not produce the same result.""}",193
2013_0_1,126886,2016_0_4,45917,NON-CLONE,2026-08-04 20:21:03,"{""answer"": ""NO-NOT-SIMILAR"", ""explanation"": ""The two snippets address different tasks and do not produce the same result.""}",194
2013_0_1,99825,2016_1_2,23627,NON-CLONE,2026-08-04 20:21:07,"{""answer"": ""NO-NOT-SIMILAR"", ""explanation"": ""The two snippets address different tasks and do not produce the same result.""}",195
2013_0_1,98087,2014_3_1,135560,NON-CLONE,2026-08-04 20:21:11,"{""answer"": ""NO-NOT-SIMILAR"", ""explanation"": ""The two snippets address different tasks and do not produce the same result.""}",196
2013_0_1,72071,2015_0_3,103774,NON-CLONE,2026-08-04 20:21:14,"{""answer"": ""NO-NOT-SIMILAR"", ""explanation"": ""The two snippets address different tasks and do not produce the same result.""}",197
2013_0_1,125888,2014_2_1,114208,NON-CLONE,2026-08-04 20:21:18,"{""answer"": ""NO-NOT-SIMILAR"", ""explanation"": ""The two snippets address different tasks and do not produce the same result.""}",198
2013_0_1,91336,2015_0_3,42051,NON-CLONE,2026-08-04 20:21:22,"{""answer"": ""NO-NOT-SIMILAR"", ""explanation"": ""The two snippets address different tasks and do not produce the same result.""}",199
2013_0_1,70537,2015_0_3,49764,NON-CLONE,2026-08-04 20:21:26,"{""answer"": ""NO-NOT-SIMILAR"", ""explanation"": ""The two snippets address different tasks and do not produce the same result.""}",200
2013_0_1,84842,2016_1_1,28201,NON-CLONE,2026-08-04 20:21:29,"{""answer"": ""NO-NOT-SIMILAR"", ""explanation"": ""The two snippets address different tasks and do not produce the same result.""}",201
2013_0_1,102913,2016_0_4,135114,NON-CLONE,2026-08-04 20:21:34,"{""answer"": ""NO-NOT-SIMILAR"", ""explanation"": ""The two snippets address different tasks and do not produce the same result.""}",202
2013_0_1,127485,2016_0_1,100898,NON-CLONE,2026-08-04 20:21:37,"{""answer"": ""NO-NOT-SIMILAR"", ""explanation"": ""The two snippets address different tasks and do not produce the same result.""}",203
2013_0_2,95524,2015_0_2,38840,NON-CLONE,2026-08-04 20:21:40,"{""answer"": ""NO-NOT-SIMILAR"", ""explanation"": ""The two snippets address different tasks and do not produce the same result.""}",204
2013_0_2,44471,2014_2_1,114208,NON-CLONE,2026-08-04 20:21:44,"{""answer"": ""NO-NOT-SIMILAR"", ""explanation"": ""The two snippets address different tasks and do not produce the same result.""}",205
2013_0_2,55421,2016_2_1,196651,NON-CLONE,2026-08-04 20:21:47,"{""answer"": ""YES-SIMILAR"", ""explanation"": ""The two snippets implement the same task and produce the same result.""}",206
2013_0_2,83774,2016_2_1,201276,NON-CLONE,2026-08-04 20:21:51,"{""answer"": ""NO-NOT-SIMILAR"", ""explanation"": ""The two snippets address different tasks and do not produce the same result.""}",207
2013_0_2,140779,2013_1_1,30519,NON-CLONE,2026-08-04 20:21:54,"{""answer"": ""NO-NOT-SIMILAR"", ""explanation"": ""The two snippets address different tasks and do not produce the same result.""}",208
2013_0_2,91409,2013_0_3,102207,NON-CLONE,2026-08-04 20:21:57,"{""answer"": ""NO-NOT-SIMILAR"", ""explanation"": ""The two snippets address different tasks and do not produce the same result.""}",209
2013_0_2,78034,2014_2_1,129296,NON-CLONE,2026-08-04 20:22:01,"{""answer"": ""NO-NOT-SIMILAR"", ""explanation"": ""The two snippets address different tasks and do not produce the same result.""}",210
2013_0_2,122219,2014_3_1,138308,NON-CLONE,2026-08-04 20:22:05,"{""answer"": ""NO-NOT-SIMILAR"", ""explanation"": ""The two snippets address different tasks and do not produce the same result.""}",211
2013_0_2,85165,2014_3_1,134611,NON-CLONE,2026-08-04 20:22:08,"{""answer"": ""NO-NOT-SIMILAR"", ""explanation"": ""The two snippets address different tasks and do not produce the same result.""}",212
2013_0_2,71957,2016_1_1,15819,NON-CLONE,2026-08-04 20:22:11,"{""answer"": ""NO-NOT-SIMILAR"", ""explanation"": ""The two snippets address different tasks and do not produce the same result.""}",213
2013_0_2,96711,2013_0_3,51164,NON-CLONE,2026-08-04 20:22:14,"{""answer"": ""NO-NOT-SIMILAR"", ""explanation"": ""The two snippets address different tasks and do not produce the same result.""}",214
2013_0_2,68303,2016_0_1,71388,NON-CLONE,2026-08-04 20:22:18,"{""answer"": ""NO-NOT-SIMILAR"", ""explanation"": ""The two snippets address different tasks and do not produce the same result.""}",215
2013_0_3,108834,2016_0_1,39027,NON-CLONE,2026-08-04 20:22:22,"{""answer"": ""NO-NOT-SIMILAR"", ""explanation"": ""The two snippets address different tasks and do not produce the same result.""}",216
2013_0_3,59317,2016_1_2,26565,NON-CLONE,2026-08-04 20:22:25,"{""answer"": ""NO-NOT-SIMILAR"", ""explanation"": ""The two snippets address different tasks and do not produce the same result.""}",217
2013_0_3,74156,2015_0_3,49764,NON-CLONE,2026-08-04 20:22:28,"{""answer"": ""NO-NOT-SIMILAR"", ""explanation"": ""The two snippets address different tasks and do not produce the same result.""}",218
2013_0_3,102625,2013_0_1,126886,NON-CLONE,2026-08-04 20:22:33,"{""answer"": ""NO-NOT-SIMILAR"", ""explanation"": ""The two snippets address different tasks and do not produce the same result.""}",219
2013_0_3,81195,2014_2_1,131873,NON-CLONE,2026-08-04 20:22:36,"{""answer"": ""NO-NOT-SIMILAR"", ""explanation"": ""The two snippets address different tasks and do not produce the same result.""}",220
2013_0_3,53348,2015_0_3,72742,NON-CLONE,2026-08-04 20:22:41,"{""answer"": ""NO-NOT-SIMILAR"", ""explanation"": ""The two snippets address different tasks and do not produce the same result.""}",221
2013_0_3,102207,2015_1_1,122934,NON-CLONE,2026-08-04 20:22:44,"{""answer"": ""NO-NOT-SIMILAR"", ""explanation"": ""The two snippets address different tasks and do not produce the same result.""}",222
2013_0_3,51164,2014_2_1,129296,NON-CLONE,2026-08-04 20:22:47,"{""answer"": ""NO-NOT-SIMILAR"", ""explanation"": ""The two snippets address different tasks and do not produce the same result.""}",223
2013_0_3,70289,2015_0_4,63026,NON-CLONE,2026-08-04 20:22:51,"{""answer"": ""NO-NOT-SIMILAR"", ""explanation"": ""The two snippets address different tasks and do not produce the same result.""}",224
2013_0_3,89287,2016_1_1,15421,NON-CLONE,2026-08-04 20:22:54,"{""answer"": ""NO-NOT-SIMILAR"", ""explanation"": ""The two snippets address different tasks and do not produce the same result.""}",225
2013_0_3,92037,2014_3_1,134611,NON-CLONE,2026-08-04 20:22:57,"{""answer"": ""NO-NOT-SIMILAR"", ""explanation"": ""The two snippets address different tasks and do not produce the same result.""}",226
2013_0_3,132829,2016_1_1,14703,NON-CLONE,2026-08-04 20:23:00,"{""answer"": ""NO-NOT-SIMILAR"", ""explanation"": ""The two snippets address different tasks and do not produce the same result.""}",227
2013_1_1,42047,2013_0_1,99825,NON-CLONE,2026-08-04 20:23:04,"{""answer"": ""NO-NOT-SIMILAR"", ""explanation"": ""The two snippets address different tasks and do not produce the same result.""}",228
2013_1_1,30835,2015_0_3,103774,NON-CLONE,2026-08-04 20:23:08,"{""answer"": ""NO-NOT-SIMILAR"", ""explanation"": ""The two snippets address different tasks and do not produce the same result.""}",229
2013_1_1,32414,2016_2_1,179503,NON-CLONE,2026-08-04 20:23:11,"{""answer"": ""NO-NOT-SIMILAR"", ""explanation"": ""The two snippets address different tasks and do not produce the same result.""}",230
2013_1_1,28766,2015_0_1,47939,NON-CLONE,2026-08-04 20:23:15,"{""answer"": ""NO-NOT-SIMILAR"", ""explanation"": ""The two snippets address different tasks and do not produce the same result.""}",231
2013_1_1,30228,2016_2_1,185295,NON-CLONE,2026-08-04 20:23:18,"{""answer"": ""NO-NOT-SIMILAR"", ""explanation"": ""The two snippets address different tasks and do not produce the same result.""}",232
2013_1_1,30618,2014_2_1,115757,NON-CLONE,2026-08-04 20:23:21,"{""answer"": ""NO-NOT-SIMILAR"", ""explanation"": ""The two snippets address different tasks and do not produce the same result.""}",233
2013_1_1,37029,2015_0_4,86932,NON-CLONE,2026-08-04 20:23:25,"{""answer"": ""NO-NOT-SIMILAR"", ""explanation"": ""The two snippets address different tasks and do not produce the same result.""}",234
2013_1_1,32497,2016_2_1,194349,NON-CLONE,2026-08-04 20:23:29,"{""answer"": ""NO-NOT-SIMILAR"", ""explanation"": ""The two snippets address different tasks and do not produce the same result.""}",235
2013_1_1,30519,2015_0_1,65110,NON-CLONE,2026-08-04 20:23:32,"{""answer"": ""NO-NOT-SIMILAR"", ""explanation"": ""The two snippets address different tasks and do not produce the same result.""}",236
2013_1_1,34507,2014_3_1,138308,NON-CLONE,2026-08-04 20:23:35,"{""answer"": ""NO-NOT-SIMILAR"", ""explanation"": ""The two snippets address different tasks and do not produce the same result.""}",237
2013_1_1,39026,2016_0_1,143909,NON-CLONE,2026-08-04 20:23:38,"{""answer"": ""NO-NOT-SIMILAR"", ""explanation"": ""The two snippets address different tasks and do not produce the same result.""}",238
2013_1_1,31779,2014_3_1,132142,NON-CLONE,2026-08-04 20:23:42,"{""answer"": ""NO-NOT-SIMILAR"", ""explanation"": ""The two snippets address different tasks and do not produce the same result.""}",239
2014_2_1,115757,2013_0_1,99825,NON-CLONE,2026-08-04 20:23:45,"{""answer"": ""NO-NOT-SIMILAR"", ""explanation"": ""The two snippets address different tasks and do not produce the same result.""}",240
2014_2_1,129296,2015_1_1,122263,NON-CLONE,2026-08-04 20:23:48,"{""answer"": ""NO-NOT-SIMILAR"", ""explanation"": ""The two snippets address different tasks and do not produce the same result.""}",241
2014_2_1,131873,2016_1_2,19133,NON-CLONE,2026-08-04 20:23:52,"{""answer"": ""NO-NOT-SIMILAR"", ""explanation"": ""The two snippets address different tasks and do not produce the same result.""}",242
2014_2_1,131278,2013_0_1,91336,NON-CLONE,2026-08-04 20:23:55,"{""answer"": ""NO-NOT-SIMILAR"", ""explanation"": ""The two snippets address different tasks and do not produce the same result.""}",243
2014_2_1,119165,2013_1_1,30835,NON-CLONE,2026-08-04 20:23:58,"{""answer"": ""NO-NOT-SIMILAR"", ""explanation"": ""The two snippets address different tasks and do not produce the same result.""}",244
2014_2_1,118489,2016_0_1,100898,NON-CLONE,2026-08-04 20:24:02,"{""answer"": ""NO-NOT-SIMILAR"", ""explanation"": ""The two snippets address different tasks and do not produce the same result.""}",245
2014_2_1,128920,2015_0_4,68310,NON-CLONE,2026-08-04 20:24:05,"{""answer"": ""NO-NOT-SIMILAR"", ""explanation"": ""The two snippets address different tasks and do not produce the same result.""}",246
2014_2_1,118416,2015_0_2,102321,NON-CLONE,2026-08-04 20:24:09,"{""answer"": ""NO-NOT-SIMILAR"", ""explanation"": ""The two snippets address different tasks and do not produce the same result.""}",247
2014_2_1,121201,2013_0_2,91409,NON-CLONE,2026-08-04 20:24:12,"{""answer"": ""NO-NOT-SIMILAR"", ""explanation"": ""The two snippets address different tasks and do not produce the same result.""}",248
2014_2_1,118754,2015_0_2,81081,NON-CLONE,2026-08-04 20:24:16,"{""answer"": ""NO-NOT-SIMILAR"", ""explanation"": ""The two snippets address different tasks and do not produce the same result.""}",249
2014_2_1,116147,2013_0_3,74156,NON-CLONE,2026-08-04 20:24:19,"{""answer"": ""NO-NOT-SIMILAR"", ""explanation"": ""The two snippets address different tasks and do not produce the same result.""}",250
2014_2_1,114208,2013_0_3,102625,NON-CLONE,2026-08-04 20:24:23,"{""answer"": ""NO-NOT-SIMILAR"", ""explanation"": ""The two snippets address different tasks and do not produce the same result.""}",251
2014_3_1,135560,2016_1_2,21265,NON-CLONE,2026-08-04 20:24:26,"{""answer"": ""NO-NOT-SIMILAR"", ""explanation"": ""The two snippets address different tasks and do not produce the same result.""}",252
2014_3_1,138333,2013_0_2,68303,NON-CLONE,2026-08-04 20:24:30,"{""answer"": ""NO-NOT-SIMILAR"", ""explanation"": ""The two snippets address different tasks and do not produce the same result.""}",253
2014_3_1,140281,2013_1_1,30519,NON-CLONE,2026-08-04 20:24:33,"{""answer"": ""YES-SIMILAR"", ""explanation"": ""The two snippets implement the same task and produce the same result.""}",254
2014_3_1,138308,2013_1_1,30519,NON-CLONE,2026-08-04 20:24:36,"{""answer"": ""NO-NOT-SIMILAR"", ""explanation"": ""The two snippets address different tasks and do not produce the same result.""}",255
2014_3_1,134611,2016_1_2,14745,NON-CLONE,2026-08-04 20:24:40,"{""answer"": ""NO-NOT-SIMILAR"", ""explanation"": ""The two snippets address different tasks and do not produce the same result.""}",256
2014_3_1,132142,2014_2_1,118754,NON-CLONE,2026-08-04 20:24:44,"{""answer"": ""NO-NOT-SIMILAR"", ""explanation"": ""The two snippets address different tasks and do not produce the same result.""}",257
2014_3_1,139209,2015_0_3,49764,NON-CLONE,2026-08-04 20:24:48,"{""answer"": ""NO-NOT-SIMILAR"", ""explanation"": ""The two snippets address different tasks and do not produce the same result.""}",258
2014_3_1,139370,2016_1_1,15819,NON-CLONE,2026-08-04 20:24:51,"{""answer"": ""NO-NOT-SIMILAR"", ""explanation"": ""The two snippets address different tasks and do not produce the same result.""}",259
2014_3_1,143074,2015_0_2,91000,NON-CLONE,2026-08-04 20:24:54,"{""answer"": ""NO-NOT-SIMILAR"", ""explanation"": ""The two snippets address different tasks and do not produce the same result.""}",260
2014_3_1,142092,2015_0_1,106809,NON-CLONE,2026-08-04 20:24:58,"{""answer"": ""NO-NOT-SIMILAR"", ""explanation"": ""The two snippets address different tasks and do not produce the same result.""}",261
2014_3_1,134295,2015_0_4,94256,NON-CLONE,2026-08-04 20:25:01,"{""answer"": ""NO-NOT-SIMILAR"", ""explanation"": ""The two snippets address different tasks and do not produce the same result.""}",262
2014_3_1,132975,2016_0_4,135114,NON-CLONE,2026-08-04 20:25:04,"{""answer"": ""NO-NOT-SIMILAR"", ""explanation"": ""The two snippets address different tasks and do not produce the same result.""}",263
2015_0_1,47939,2016_0_1,71388,NON-CLONE,2026-08-04 20:25:07,"{""answer"": ""NO-NOT-SIMILAR"", ""explanation"": ""The two snippets address different tasks and do not produce the same result.""}",264
2015_0_1,43660,2016_1_1,33316,NON-CLONE,2026-08-04 20:25:10,"{""answer"": ""NO-NOT-SIMILAR"", ""explanation"": ""The two snippets address different tasks and do not produce the same result.""}",265
2015_0_1,100718,2016_2_1,198100,NON-CLONE,2026-08-04 20:25:14,"{""answer"": ""NO-NOT-SIMILAR"", ""explanation"": ""The two snippets address different tasks and do not produce the same result.""}",266
2015_0_1,44230,2016_1_1,18665,NON-CLONE,2026-08-04 20:25:17,"{""answer"": ""NO-NOT-SIMILAR"", ""explanation"": ""The two snippets address different tasks and do not produce the same result.""}",267
2015_0_1,64620,2013_1_1,37029,NON-CLONE,2026-08-04 20:25:21,"{""answer"": ""NO-NOT-SIMILAR"", ""explanation"": ""The two snippets address different tasks and do not produce the same result.""}",268
2015_0_1,65110,2015_0_3,42051,NON-CLONE,2026-08-04 20:25:24,"{""answer"": ""NO-NOT-SIMILAR"", ""explanation"": ""The two snippets address different tasks and do not produce the same result.""}",269
2015_0_1,106809,2015_0_2,96440,NON-CLONE,2026-08-04 20:25:27,"{""answer"": ""NO-NOT-SIMILAR"", ""explanation"": ""The two snippets address different tasks and do not produce the same result.""}",270
2015_0_1,86599,2013_0_2,96711,NON-CLONE,2026-08-04 20:25:31,"{""answer"": ""NO-NOT-SIMILAR"", ""explanation"": ""The two snippets address different tasks and do not produce the same result.""}",271
2015_0_1,60803,2015_1_1,111866,NON-CLONE,2026-08-04 20:25:34,"{""answer"": ""NO-NOT-SIMILAR"", ""explanation"": ""The two snippets address different tasks and do not produce the same result.""}",272
2015_0_1,25955,2013_0_1,72071,NON-CLONE,2026-08-04 20:25:37,"{""answer"": ""NO-NOT-SIMILAR"", ""explanation"": ""The two snippets address different tasks and do not produce the same result.""}",273
2015_0_1,28465,2015_0_2,88257,NON-CLONE,2026-08-04 20:25:40,"{""answer"": ""NO-NOT-SIMILAR"", ""explanation"": ""The two snippets address different tasks and do not produce the same result.""}",274
2015_0_1,96593,2015_0_2,40957,NON-CLONE,2026-08-04 20:25:44,"{""answer"": ""NO-NOT-SIMILAR"", ""explanation"": ""The two snippets address different tasks and do not produce the same result.""}",275
2015_0_2,91000,2013_0_1,98087,NON-CLONE,2026-08-04 20:25:48,"{""answer"": ""NO-NOT-SIMILAR"", ""explanation"": ""The two snippets address different tasks and do not produce the same result.""}",276
2015_0_2,21812,2013_0_3,102625,NON-CLONE,2026-08-04 20:25:52,"{""answer"": ""NO-NOT-SIMILAR"", ""explanation"": ""The two snippets address different tasks and do not produce the same result.""}",277
2015_0_2,40957,2013_0_2,71957,NON-CLONE,2026-08-04 20:25:56,"{""answer"": ""NO-NOT-SIMILAR"", ""explanation"": ""The two snippets address different tasks and do not produce the same result.""}",278
2015_0_2,96440,2015_0_1,86599,NON-CLONE,2026-08-04 20:26:00,"{""answer"": ""YES-SIMILAR"", ""explanation"": ""The two snippets implement the same task and produce the same result.""}",279
2015_0_2,88257,2013_0_2,68303,NON-CLONE,2026-08-04 20:26:03,"{""answer"": ""NO-NOT-SIMILAR"", ""explanation"": ""The two snippets address different tasks and do not produce the same result.""}",280
2015_0_2,38840,2013_0_1,127485,NON-CLONE,2026-08-04 20:26:07,"{""answer"": ""NO-NOT-SIMILAR"", ""explanation"": ""The two snippets address different tasks and do not produce the same result.""}",281
2015_0_2,36519,2015_1_1,111086,NON-CLONE,2026-08-04 20:26:11,"{""answer"": ""NO-NOT-SIMILAR"", ""explanation"": ""The two snippets address different tasks and do not produce the same result.""}",282
2015_0_2,81081,2013_0_3,108834,NON-CLONE,2026-08-04 20:26:16,"{""answer"": ""NO-NOT-SIMILAR"", ""explanation"": ""The two snippets address different tasks and do not produce the same result.""}",283
2015_0_2,100159,2016_2_1,179503,NON-CLONE,2026-08-04 20:26:20,"{""answer"": ""NO-NOT-SIMILAR"", ""explanation"": ""The two snippets address different tasks and do not produce the same result.""}",284
2015_0_2,103402,2015_0_1,106809,NON-CLONE,2026-08-04 20:26:24,"{""answer"": ""YES-SIMILAR"", ""explanation"": ""The two snippets implement the same task and produce the same result.""}",285
2015_0_2,102321,2015_0_3,72742,NON-CLONE,2026-08-04 20:26:29,"{""answer"": ""NO-NOT-SIMILAR"", ""explanation"": ""The two snippets address different tasks and do not produce the same result.""}",286
2015_0_2,55775,2016_1_2,14745,NON-CLONE,2026-08-04 20:26:32,"{""answer"": ""NO-NOT-SIMILAR"", ""explanation"": ""The two snippets address different tasks and do not produce the same result.""}",287
2015_0_3,42051,2015_0_1,44230,NON-CLONE,2026-08-04 20:26:36,"{""answer"": ""NO-NOT-SIMILAR"", ""explanation"": ""The two snippets address different tasks and do not produce the same result.""}",288
2015_0_3,47513,2013_1_1,34507,NON-CLONE,2026-08-04 20:26:39,"{""answer"": ""NO-NOT-SIMILAR"", ""explanation"": ""The two snippets address different tasks and do not produce the same result.""}",289
2015_0_3,96608,2016_1_2,14745,NON-CLONE,2026-08-04 20:26:44,"{""answer"": ""NO-NOT-SIMILAR"", ""explanation"": ""The two snippets address different tasks and do not produce the same result.""}",290
2015_0_3,41900,2015_0_1,96593,NON-CLONE,2026-08-04 20:26:48,"{""answer"": ""NO-NOT-SIMILAR"", ""explanation"": ""The two snippets address different tasks and do not produce the same result.""}",291
2015_0_3,49764,2016_1_2,14745,NON-CLONE,2026-08-04 20:26:52,"{""answer"": ""NO-NOT-SIMILAR"", ""explanation"": ""The two snippets address different tasks and do not produce the same result.""}",292
2015_0_3,23036,2016_0_4,142083,NON-CLONE,2026-08-04 20:26:55,"{""answer"": ""NO-NOT-SIMILAR"", ""explanation"": ""The two snippets address different tasks and do not produce the same result.""}",293
2015_0_3,103585,2014_3_1,138308,NON-CLONE,2026-08-04 20:26:58,"{""answer"": ""NO-NOT-SIMILAR"", ""explanation"": ""The two snippets address different tasks and do not produce the same result.""}",294
2015_0_3,103774,2013_0_3,89287,NON-CLONE,2026-08-04 20:27:02,"{""answer"": ""NO-NOT-SIMILAR"", ""explanation"": ""The two snippets address different tasks and do not produce the same result.""}",295
2015_0_3,72742,2013_0_3,89287,NON-CLONE,2026-08-04 20:27:05,"{""answer"": ""NO-NOT-SIMILAR"", ""explanation"": ""The two snippets address different tasks and do not produce the same result.""}",296
2015_0_3,19800,2016_1_1,22113,NON-CLONE,2026-08-04 20:27:09,"{""answer"": ""NO-NOT-SIMILAR"", ""explanation"": ""The two snippets address different tasks and do not produce the same result.""}",297
2015_0_3,102323,2016_0_1,76319,NON-CLONE,2026-08-04 20:27:13,"{""answer"": ""NO-NOT-SIMILAR"", ""explanation"": ""The two snippets address different tasks and do not produce the same result.""}",298
2015_0_3,18309,2016_1_1,15819,NON-CLONE,2026-08-04 20:27:16,"{""answer"": ""NO-NOT-SIMILAR"", ""explanation"": ""The two snippets address different tasks and do not produce the same result.""}",299
2015_0_4,86262,2016_0_4,80717,NON-CLONE,2026-08-04 20:27:19,"{""answer"": ""NO-NOT-SIMILAR"", ""explanation"": ""The two snippets address different tasks and do not produce the same result.""}",300
2015_0_4,30398,2016_1_2,26565,NON-CLONE,2026-08-04 20:27:23,"{""answer"": ""NO-NOT-SIMILAR"", ""explanation"": ""The two snippets address different tasks and do not produce the same result.""}",301
2015_0_4,29877,2013_0_2,122219,NON-CLONE,2026-08-04 20:27:26,"{""answer"": ""NO-NOT-SIMILAR"", ""explanation"": ""The two snippets address different tasks and do not produce the same result.""}",302
2015_0_4,63026,2013_0_3,92037,NON-CLONE,2026-08-04 20:27:29,"{""answer"": ""NO-NOT-SIMILAR"", ""explanation"": ""The two snippets address different tasks and do not produce the same result.""}",303
2015_0_4,86932,2013_0_2,71957,NON-CLONE,2026-08-04 20:27:33,"{""answer"": ""NO-NOT-SIMILAR"", ""explanation"": ""The two snippets address different tasks and do not produce the same result.""}",304
2015_0_4,60776,2016_0_4,158305,NON-CLONE,2026-08-04 20:27:37,"{""answer"": ""NO-NOT-SIMILAR"", ""explanation"": ""The two snippets address different tasks and do not produce the same result.""}",305
2015_0_4,57828,2015_1_1,111866,NON-CLONE,2026-08-04 20:27:40,"{""answer"": ""NO-NOT-SIMILAR"", ""explanation"": ""The two snippets address different tasks and do not produce the same result.""}",306
2015_0_4,94256,2013_1_1,42047,NON-CLONE,2026-08-04 20:27:43,"{""answer"": ""NO-NOT-SIMILAR"", ""explanation"": ""The two snippets address different tasks and do not produce the same result.""}",307
2015_0_4,74018,2015_0_2,91000,NON-CLONE,2026-08-04 20:27:47,"{""answer"": ""NO-NOT-SIMILAR"", ""explanation"": ""The two snippets address different tasks and do not produce the same result.""}",308
2015_0_4,68310,2014_3_1,134611,NON-CLONE,2026-08-04 20:27:50,"{""answer"": ""NO-NOT-SIMILAR"", ""explanation"": ""The two snippets address different tasks and do not produce the same result.""}",309
2015_0_4,19708,2014_3_1,138308,NON-CLONE,2026-08-04 20:27:55,"{""answer"": ""NO-NOT-SIMILAR"", ""explanation"": ""The two snippets address different tasks and do not produce the same result.""}",310
2015_0_4,78114,2016_1_1,3308,NON-CLONE,2026-08-04 20:27:59,"{""answer"": ""NO-NOT-SIMILAR"", ""explanation"": ""The two snippets address different tasks and do not produce the same result.""}",311
2015_1_1,112276,2013_1_1,31779,NON-CLONE,2026-08-04 20:28:03,"{""answer"": ""NO-NOT-SIMILAR"", ""explanation"": ""The two snippets address different tasks and do not produce the same result.""}",312
2015_1_1,118030,2016_1_1,15421,NON-CLONE,2026-08-04 20:28:07,"{""answer"": ""NO-NOT-SIMILAR"", ""explanation"": ""The two snippets address different tasks and do not produce the same result.""}",313
2015_1_1,112898,2014_3_1,134611,NON-CLONE,2026-08-04 20:28:10,"{""answer"": ""NO-NOT-SIMILAR"", ""explanation"": ""The two snippets address different tasks and do not produce the same result.""}",314
2015_1_1,111086,2015_0_2,55775,NON-CLONE,2026-08-04 20:28:14,"{""answer"": ""YES-SIMILAR"", ""explanation"": ""The two snippets implement the same task and produce the same result.""}",315
2015_1_1,122263,2016_1_2,26561,NON-CLONE,2026-08-04 20:28:18,"{""answer"": ""NO-NOT-SIMILAR"", ""explanation"": ""The two snippets address different tasks and do not produce the same result.""}",316
2015_1_1,111866,2015_0_2,91000,NON-CLONE,2026-08-04 20:28:22,"{""answer"": ""NO-NOT-SIMILAR"", ""explanation"": ""The two snippets address different tasks and do not produce the same result.""}",317
2015_1_1,117734,2013_0_3,59317,NON-CLONE,2026-08-04 20:28:25,"{""answer"": ""NO-NOT-SIMILAR"", ""explanation"": ""The two snippets address different tasks and do not produce the same result.""}",318
2015_1_1,124602,2016_1_1,20829,NON-CLONE,2026-08-04 20:28:29,"{""answer"": ""NO-NOT-SIMILAR"", ""explanation"": ""The two snippets address different tasks and do not produce the same result.""}",319
2015_1_1,111647,2013_0_3,92037,NON-CLONE,2026-08-04 20:28:32,"{""answer"": ""NO-NOT-SIMILAR"", ""explanation"": ""The two snippets address different tasks and do not produce the same result.""}",320
2015_1_1,122934,2013_0_2,83774,NON-CLONE,2026-08-04 20:28:35,"{""answer"": ""NO-NOT-SIMILAR"", ""explanation"": ""The two snippets address different tasks and do not produce the same result.""}",321
2015_1_1,111264,2013_0_1,99825,NON-CLONE,2026-08-04 20:28:38,"{""answer"": ""NO-NOT-SIMILAR"", ""explanation"": ""The two snippets address different tasks and do not produce the same result.""}",322
2015_1_1,121770,2013_0_3,53348,NON-CLONE,2026-08-04 20:28:42,"{""answer"": ""NO-NOT-SIMILAR"", ""explanation"": ""The two snippets address different tasks and do not produce the same result.""}",323
2016_0_1,76319,2015_0_1,25955,NON-CLONE,2026-08-04 20:28:45,"{""answer"": ""NO-NOT-SIMILAR"", ""explanation"": ""The two snippets address different tasks and do not produce the same result.""}",324
2016_0_1,117099,2014_2_1,118754,NON-CLONE,2026-08-04 20:28:49,"{""answer"": ""NO-NOT-SIMILAR"", ""explanation"": ""The two snippets address different tasks and do not produce the same result.""}",325
2016_0_1,100898,2016_0_4,142083,NON-CLONE,2026-08-04 20:28:52,"{""answer"": ""NO-NOT-SIMILAR"", ""explanation"": ""The two snippets address different tasks and do not produce the same result.""}",326
2016_0_1,65647,2016_1_2,21265,NON-CLONE,2026-08-04 20:28:55,"{""answer"": ""NO-NOT-SIMILAR"", ""explanation"": ""The two snippets address different tasks and do not produce the same result.""}",327
2016_0_1,134225,2016_1_2,22155,NON-CLONE,2026-08-04 20:28:58,"{""answer"": ""NO-NOT-SIMILAR"", ""explanation"": ""The two snippets address different tasks and do not produce the same result.""}",328
2016_0_1,143909,2015_0_1,47939,NON-CLONE,2026-08-04 20:29:02,"{""answer"": ""NO-NOT-SIMILAR"", ""explanation"": ""The two snippets address different tasks and do not produce the same result.""}",329
2016_0_1,94639,2016_0_4,135114,NON-CLONE,2026-08-04 20:29:06,"{""answer"": ""NO-NOT-SIMILAR"", ""explanation"": ""The two snippets address different tasks and do not produce the same result.""}",330
2016_0_1,88781,2013_0_2,71957,NON-CLONE,2026-08-04 20:29:09,"{""answer"": ""NO-NOT-SIMILAR"", ""explanation"": ""The two snippets address different tasks and do not produce the same result.""}",331
2016_0_1,71388,2014_2_1,118754,NON-CLONE,2026-08-04 20:29:13,"{""answer"": ""NO-NOT-SIMILAR"", ""explanation"": ""The two snippets address different tasks and do not produce the same result.""}",332
2016_0_1,48618,2015_1_1,124602,NON-CLONE,2026-08-04 20:29:16,"{""answer"": ""NO-NOT-SIMILAR"", ""explanation"": ""The two snippets address different tasks and do not produce the same result.""}",333
2016_0_1,39027,2013_0_1,103399,NON-CLONE,2026-08-04 20:29:20,"{""answer"": ""NO-NOT-SIMILAR"", ""explanation"": ""The two snippets address different tasks and do not produce the same result.""}",334
2016_0_1,113708,2016_0_4,136626,NON-CLONE,2026-08-04 20:29:23,"{""answer"": ""NO-NOT-SIMILAR"", ""explanation"": ""The two snippets address different tasks and do not produce the same result.""}",335
2016_0_4,136626,2015_0_2,81081,NON-CLONE,2026-08-04 20:29:26,"{""answer"": ""NO-NOT-SIMILAR"", ""explanation"": ""The two snippets address different tasks and do not produce the same result.""}",336
2016_0_4,125922,2016_1_1,4557,NON-CLONE,2026-08-04 20:29:30,"{""answer"": ""NO-NOT-SIMILAR"", ""explanation"": ""The two snippets address different tasks and do not produce the same result.""}",337
2016_0_4,99642,2015_0_3,49764,NON-CLONE,2026-08-04 20:29:33,"{""answer"": ""NO-NOT-SIMILAR"", ""explanation"": ""The two snippets address different tasks and do not produce the same result.""}",338
2016_0_4,135114,2016_1_1,15819,NON-CLONE,2026-08-04 20:29:37,"{""answer"": ""NO-NOT-SIMILAR"", ""explanation"": ""The two snippets address different tasks and do not produce the same result.""}",339
2016_0_4,90060,2016_1_2,21265,NON-CLONE,2026-08-04 20:29:40,"{""answer"": ""NO-NOT-SIMILAR"", ""explanation"": ""The two snippets address different tasks and do not produce the same result.""}",340
2016_0_4,45917,2014_2_1,128920,NON-CLONE,2026-08-04 20:29:44,"{""answer"": ""NO-NOT-SIMILAR"", ""explanation"": ""The two snippets address different tasks and do not produce the same result.""}",341
2016_0_4,63570,2014_3_1,138308,NON-CLONE,2026-08-04 20:29:48,"{""answer"": ""NO-NOT-SIMILAR"", ""explanation"": ""The two snippets address different tasks and do not produce the same result.""}",342
2016_0_4,158305,2015_0_3,41900,NON-CLONE,2026-08-04 20:29:51,"{""answer"": ""NO-NOT-SIMILAR"", ""explanation"": ""The two snippets address different tasks and do not produce the same result.""}",343
2016_0_4,142083,2015_0_1,43660,NON-CLONE,2026-08-04 20:29:54,"{""answer"": ""NO-NOT-SIMILAR"", ""explanation"": ""The two snippets address different tasks and do not produce the same result.""}",344
2016_0_4,80717,2013_0_2,91409,NON-CLONE,2026-08-04 20:29:58,"{""answer"": ""NO-NOT-SIMILAR"", ""explanation"": ""The two snippets address different tasks and do not produce the same result.""}",345
2016_0_4,139021,2013_0_2,78034,NON-CLONE,2026-08-04 20:30:02,"{""answer"": ""NO-NOT-SIMILAR"", ""explanation"": ""The two snippets address different tasks and do not produce the same result.""}",346
2016_0_4,37736,2015_0_3,72742,NON-CLONE,2026-08-04 20:30:07,"{""answer"": ""NO-NOT-SIMILAR"", ""explanation"": ""The two snippets address different tasks and do not produce the same result.""}",347
2016_1_1,15819,2013_0_2,85165,NON-CLONE,2026-08-04 20:30:11,"{""answer"": ""NO-NOT-SIMILAR"", ""explanation"": ""The two snippets address different tasks and do not produce the same result.""}",348
2016_1_1,28201,2013_0_2,78034,NON-CLONE,2026-08-04 20:30:14,"{""answer"": ""NO-NOT-SIMILAR"", ""explanation"": ""The two snippets address different tasks and do not produce the same result.""}",349
2016_1_1,22113,2016_1_2,7956,NON-CLONE,2026-08-04 20:30:18,"{""answer"": ""NO-NOT-SIMILAR"", ""explanation"": ""The two snippets address different tasks and do not produce the same result.""}",350
2016_1_1,15421,2016_2_1,193929,NON-CLONE,2026-08-04 20:30:21,"{""answer"": ""NO-NOT-SIMILAR"", ""explanation"": ""The two snippets address different tasks and do not produce the same result.""}",351
2016_1_1,31768,2014_2_1,118416,NON-CLONE,2026-08-04 20:30:25,"{""answer"": ""NO-NOT-SIMILAR"", ""explanation"": ""The two snippets address different tasks and do not produce the same result.""}",352
2016_1_1,20829,2013_0_2,85165,NON-CLONE,2026-08-04 20:30:28,"{""answer"": ""NO-NOT-SIMILAR"", ""explanation"": ""The two snippets address different tasks and do not produce the same result.""}",353
2016_1_1,3308,2016_2_1,186531,NON-CLONE,2026-08-04 20:30:31,"{""answer"": ""NO-NOT-SIMILAR"", ""explanation"": ""The two snippets address different tasks and do not produce the same result.""}",354
2016_1_1,33316,2013_0_3,74156,NON-CLONE,2026-08-04 20:30:35,"{""answer"": ""NO-NOT-SIMILAR"", ""explanation"": ""The two snippets address different tasks and do not produce the same result.""}",355
2016_1_1,14703,2014_3_1,140281,NON-CLONE,2026-08-04 20:30:39,"{""answer"": ""NO-NOT-SIMILAR"", ""explanation"": ""The two snippets address different tasks and do not produce the same result.""}",356
2016_1_1,3735,2013_0_2,85165,NON-CLONE,2026-08-04 20:30:42,"{""answer"": ""NO-NOT-SIMILAR"", ""explanation"": ""The two snippets address different tasks and do not produce the same result.""}",357
2016_1_1,18665,2013_0_2,85165,NON-CLONE,2026-08-04 20:30:45,"{""answer"": ""NO-NOT-SIMILAR"", ""explanation"": ""The two snippets address different tasks and do not produce the same result.""}",358
2016_1_1,4557,2015_0_1,106809,NON-CLONE,2026-08-04 20:30:48,"{""answer"": ""YES-SIMILAR"", ""explanation"": ""The two snippets implement the same task and produce the same result.""}",359
2016_1_2,23627,2016_0_1,88781,NON-CLONE,2026-08-04 20:30:52,"{""answer"": ""NO-NOT-SIMILAR"", ""explanation"": ""The two snippets address different tasks and do not produce the same result.""}",360
2016_1_2,26561,2013_1_1,37029,NON-CLONE,2026-08-04 20:30:55,"{""answer"": ""NO-NOT-SIMILAR"", ""explanation"": ""The two snippets address different tasks and do not produce the same result.""}",361
2016_1_2,21848,2015_0_2,96440,NON-CLONE,2026-08-04 20:30:59,"{""answer"": ""NO-NOT-SIMILAR"", ""explanation"": ""The two snippets address different tasks and do not produce the same result.""}",362
2016_1_2,7905,2013_0_2,44471,NON-CLONE,2026-08-04 20:31:03,"{""answer"": ""NO-NOT-SIMILAR"", ""explanation"": ""The two snippets address different tasks and do not produce the same result.""}",363
2016_1_2,22827,2013_0_3,74156,NON-CLONE,2026-08-04 20:31:06,"{""answer"": ""NO-NOT-SIMILAR"", ""explanation"": ""The two snippets address different tasks and do not produce the same result.""}",364
2016_1_2,26565,2016_0_1,113708,NON-CLONE,2026-08-04 20:31:10,"{""answer"": ""NO-NOT-SIMILAR"", ""explanation"": ""The two snippets address different tasks and do not produce the same result.""}",365
2016_1_2,30453,2016_2_1,193717,NON-CLONE,2026-08-04 20:31:13,"{""answer"": ""NO-NOT-SIMILAR"", ""explanation"": ""The two snippets address different tasks and do not produce the same result.""}",366
2016_1_2,14745,2015_0_3,18309,NON-CLONE,2026-08-04 20:31:17,"{""answer"": ""NO-NOT-SIMILAR"", ""explanation"": ""The two snippets address different tasks and do not produce the same result.""}",367
2016_1_2,7956,2015_0_2,96440,NON-CLONE,2026-08-04 20:31:20,"{""answer"": ""NO-NOT-SIMILAR"", ""explanation"": ""The two snippets address different tasks and do not produce the same result.""}",368
2016_1_2,22155,2014_3_1,139370,NON-CLONE,2026-08-04 20:31:23,"{""answer"": ""NO-NOT-SIMILAR"", ""explanation"": ""The two snippets address different tasks and do not produce the same result.""}",369
2016_1_2,21265,2015_0_3,72742,NON-CLONE,2026-08-04 20:31:27,"{""answer"": ""NO-NOT-SIMILAR"", ""explanation"": ""The two snippets address different tasks and do not produce the same result.""}",370
2016_1_2,19133,2015_0_1,86599,NON-CLONE,2026-08-04 20:31:30,"{""answer"": ""NO-NOT-SIMILAR"", ""explanation"": ""The two snippets address different tasks and do not produce the same result.""}",371
2016_2_1,201276,2015_0_2,81081,NON-CLONE,2026-08-04 20:31:34,"{""answer"": ""NO-NOT-SIMILAR"", ""explanation"": ""The two snippets address different tasks and do not produce the same result.""}",372
2016_2_1,180026,2016_0_1,143909,NON-CLONE,2026-08-04 20:31:38,"{""answer"": ""NO-NOT-SIMILAR"", ""explanation"": ""The two snippets address different tasks and do not produce the same result.""}",373
2016_2_1,193929,2013_1_1,34507,NON-CLONE,2026-08-04 20:31:42,"{""answer"": ""NO-NOT-SIMILAR"", ""explanation"": ""The two snippets address different tasks and do not produce the same result.""}",374
2016_2_1,194349,2015_0_3,103774,NON-CLONE,2026-08-04 20:31:46,"{""answer"": ""NO-NOT-SIMILAR"", ""explanation"": ""The two snippets address different tasks and do not produce the same result.""}",375
2016_2_1,186531,2016_1_1,15819,NON-CLONE,2026-08-04 20:31:50,"{""answer"": ""NO-NOT-SIMILAR"", ""explanation"": ""The two snippets address different tasks and do not produce the same result.""}",376
2016_2_1,179503,2015_0_3,18309,NON-CLONE,2026-08-04 20:31:53,"{""answer"": ""NO-NOT-SIMILAR"", ""explanation"": ""The two snippets address different tasks and do not produce the same result.""}",377
2016_2_1,185295,2013_0_3,108834,NON-CLONE,2026-08-04 20:31:58,"{""answer"": ""NO-NOT-SIMILAR"", ""explanation"": ""The two snippets address different tasks and do not produce the same result.""}",378
2016_2_1,196651,2013_0_1,126886,NON-CLONE,2026-08-04 20:32:02,"{""answer"": ""YES-SIMILAR"", ""explanation"": ""The two snippets implement the same task and produce the same result.""}",379
2016_2_1,182378,2016_1_1,15819,NON-CLONE,2026-08-04 20:32:05,"{""answer"": ""NO-NOT-SIMILAR"", ""explanation"": ""The two snippets address different tasks and do not produce the same result.""}",380
2016_2_1,198100,2013_0_3,51164,NON-CLONE,2026-08-04 20:32:09,"{""answer"": ""NO-NOT-SIMILAR"", ""explanation"": ""The two snippets address different tasks and do not produce the same result.""}",381
2016_2_1,193717,2013_0_3,108834,NON-CLONE,2026-08-04 20:32:12,"{""answer"": ""NO-NOT-SIMILAR"", ""explanation"": ""The two snippets address different tasks and do not produce the same result.""}",382
2016_2_1,200006,2015_0_1,47939,NON-CLONE,2026-08-04 20:32:16,"{""answer"": ""NO-NOT-SIMILAR"", ""explanation"": ""The two snippets address different tasks and do not produce the same result.""}",383
