program_a,variant_a,program_b,variant_b,ground_truth,timestamp,response
InfixConverter,0_orig,InfixConverter,0_orig,CLONE,2026-06-26 22:03:09,"  ANSWER: YES-SIMILAR

EXPLANATION: The two code snippets are functionally similar. They both achieve the same result or perform the same task, even if they differ in syntax, structure, or the specific steps they take to accomplish that task. The only difference between the two code snippets is the use of the `Stack` class in the `InfixToPostfixConvert` method. The first code snippet uses a `Stack` class to store the characters of the infix expression, while the second code snippet uses a `Stack` class to store the postfix expression"
InfixConverter,0_orig,InfixConverter,1_artifice,CLONE,2026-06-26 22:03:48,"  ANSWER: YES-SIMILAR

EXPLANATION: The two code snippets are functionally similar. They both perform the same task of converting infix expressions to postfix expressions. The only difference is in the way they handle the input and output. The first code snippet uses the standard input and output streams, while the second code snippet uses the `System.in` and `System.out` streams. The second code snippet also uses the `Integer.parseInt` method to parse the input integer, while the first code snippet uses the `Integer.parseInt` method to parse the input string"
InfixConverter,0_orig,InfixConverter,test_0_orig_no_krakatau,CLONE,2026-06-26 22:05:32,"  ANSWER: YES-SIMILAR

EXPLANATION: The two code snippets are functionally similar. They both achieve the same result or perform the same task, even if they differ in syntax, structure, or the specific steps they take to accomplish that task. The only difference is that one uses a stack to convert infix notation to postfix notation, while the other uses a loop to iterate through the input string and append the corresponding postfix notation to a string. Both approaches achieve the same result, which is to convert infix notation to postfix notation."
InfixConverter,0_orig,InfixConverter,test_0_orig_no_procyon,CLONE,2026-06-26 22:06:04,"  {
""answer"": ""YES-SIMILAR"",
""explanation"": ""The two code snippets are functionally similar. They both achieve the same result or perform the same task, even if they differ in syntax, structure, or the specific steps they take to accomplish that task. The only difference is that one uses a stack to store the characters and the other uses a queue. Both snippets use the same approach to convert the infix notation to postfix notation.""
}"
InfixConverter,0_orig,InfixConverter,test_0_orig_pg_krakatau,CLONE,2026-06-26 22:07:28,"  ANSWER: YES-SIMILAR

EXPLANATION: The two code snippets are functionally similar. They both achieve the same result or perform the same task, even if they differ in syntax, structure, or the specific steps they take to accomplish that task. The only difference is that one is written in Java 8 and the other is written in Java 11. The functionality is the same, and the code snippets are similar."
InfixConverter,0_orig,InfixConverter,test_0_orig_pg_procyon,CLONE,2026-06-26 22:08:04,"  ANSWER: YES-SIMILAR

EXPLANATION: The two code snippets are functionally similar. They both achieve the same result or perform the same task, even if they differ in syntax, structure, or the specific steps they take to accomplish that task. The only difference between the two code snippets is the way they handle the input and output. The first code snippet uses the `System.in` and `System.out` streams to read and write input and output, while the second code snippet uses the `a` method to read and write input and output. The `a"
InfixConverter,0_orig,InfixConverter,test_1_artifice_no_krakatau,CLONE,2026-06-26 22:09:54,"  ANSWER: YES-SIMILAR

EXPLANATION: The two code snippets are functionally similar. They both achieve the same result or perform the same task, even if they differ in syntax, structure, or the specific steps they take to accomplish that task. The only difference is that the second code snippet uses a different method to read input from the user, which does not affect the overall functionality of the program."
InfixConverter,0_orig,InfixConverter,test_1_artifice_no_procyon,CLONE,2026-06-26 22:10:54,"  {
""answer"": ""YES-SIMILAR"",
""explanation"": ""The two code snippets are functionally similar. They both achieve the same result or perform the same task, even if they differ in syntax, structure, or the specific steps they take to accomplish that task. The only difference is that one uses a stack to convert infix to postfix, while the other uses a loop and a stack to achieve the same result.""
}"
InfixConverter,0_orig,InfixConverter,test_1_artifice_pg_krakatau,CLONE,2026-06-26 22:12:30,"  {
""answer"": ""YES-SIMILAR"",
""explanation"": ""The two code snippets are functionally similar. They both achieve the same result or perform the same task, even if they differ in syntax, structure, or the specific steps they take to accomplish that task. The only difference is that Code Snippet 2 uses a different method to achieve the same result, but the end result is the same.""
}"
InfixConverter,0_orig,InfixConverter,test_1_artifice_pg_procyon,CLONE,2026-06-26 22:13:21,"  ANSWER: YES-SIMILAR

EXPLANATION: The two code snippets are functionally similar. Both snippets achieve the same result or perform the same task, even if they differ in syntax, structure, or specific steps. The only difference is that one snippet uses a stack to convert infix notation to postfix notation, while the other snippet uses a function to convert infix notation to postfix notation. Both snippets achieve the same result, which is to convert infix notation to postfix notation. Therefore, the snippets are functionally similar."
InfixConverter,0_orig,SqrtAlgorithm,0_orig,NON-CLONE,2026-06-26 22:14:28,"  {""answer"": ""YES-SIMILAR"", ""explanation"": ""The two code snippets are functionally similar because they both calculate the square root of a number. The first code snippet uses an algorithm to calculate the square root, while the second code snippet uses the Math.sqrt() function to calculate the square root. Both snippets achieve the same result, even though they differ in syntax and structure. Therefore, they are functionally similar.""}"
InfixConverter,0_orig,SqrtAlgorithm,1_artifice,NON-CLONE,2026-06-26 22:15:56,"  {
""answer"": ""YES-SIMILAR"",
""explanation"": ""The two code snippets are functionally similar. They both perform the same task, which is to calculate the square root of a number. The only difference is that one is written in Java and the other is written in Java. The code snippets are similar in terms of their syntax and structure, and they both use the same algorithm to achieve their task. Therefore, they are functionally similar.""
}"
InfixConverter,0_orig,SqrtAlgorithm,test_0_orig_no_krakatau,NON-CLONE,2026-06-26 22:18:51,"  ANSWER: YES-SIMILAR

EXPLANATION: The two code snippets are functionally similar. They both achieve the same result, which is to calculate the square root of a number. The only difference is that one is written in Java and the other is written in Python. The code snippets use similar algorithms to calculate the square root, and the only difference is the syntax and the language used to implement the algorithm. Therefore, the two code snippets are functionally similar."
InfixConverter,0_orig,SqrtAlgorithm,test_0_orig_no_procyon,NON-CLONE,2026-06-26 22:20:10,"  ANSWER: YES-SIMILAR

EXPLANATION: The two code snippets are functionally similar. They both achieve the same result, which is to calculate the square root of a number. The only difference is that one uses an algorithm to calculate the square root, while the other uses the built-in Math.sqrt() function. The algorithm used in the first code snippet is a simple one that can be easily understood and implemented. The second code snippet uses a more complex algorithm that is also correct but may be less efficient and less readable."
InfixConverter,0_orig,SqrtAlgorithm,test_0_orig_pg_krakatau,NON-CLONE,2026-06-26 22:22:20,"  ANSWER: YES-SIMILAR

EXPLANATION: The two code snippets are functionally similar. They both achieve the same result, which is to calculate the square root of a given number. The only difference is that one uses a while loop to iterate over the number and the other uses a for loop. Additionally, one uses a stack to store the characters of the input string, while the other uses a buffered reader to read the input string. However, the overall logic and functionality of the two code snippets are similar."
InfixConverter,0_orig,SqrtAlgorithm,test_0_orig_pg_procyon,NON-CLONE,2026-06-26 22:23:09,"  ANSWER: YES-SIMILAR

EXPLANATION: The two code snippets are functionally similar. They both achieve the same result, which is to calculate the square root of a number. The only difference is that one uses a for loop to iterate over a range of numbers and the other uses a while loop. The for loop in the first code snippet is equivalent to the while loop in the second code snippet, and the two code snippets achieve the same result. Therefore, the answer is YES-SIMILAR."
InfixConverter,0_orig,SqrtAlgorithm,test_1_artifice_no_krakatau,NON-CLONE,2026-06-26 22:25:46,"  ANSWER: YES-SIMILAR

EXPLANATION: The two code snippets are functionally similar. They both achieve the same result or perform the same task, even if they differ in syntax, structure, or the specific steps they take to accomplish that task. The only difference between the two code snippets is that one is a Java class that calculates the square root of a number, while the other is a Java class that reads and converts an infix expression to a postfix expression. Both code snippets are similar in that they both have a main method that takes in arguments and prints"
InfixConverter,0_orig,SqrtAlgorithm,test_1_artifice_no_procyon,NON-CLONE,2026-06-26 22:27:11,"  {
""answer"": ""YES-SIMILAR"",
""explanation"": ""The two code snippets are functionally similar because they both calculate the square root of a number. The first code snippet uses a recursive algorithm to calculate the square root, while the second code snippet uses a loop to calculate the square root. However, both snippets achieve the same result and perform the same task, even though they differ in syntax and structure. Therefore, they are functionally similar.""
}"
InfixConverter,0_orig,SqrtAlgorithm,test_1_artifice_pg_krakatau,NON-CLONE,2026-06-26 22:28:58,"  ANSWER: YES-SIMILAR

EXPLANATION: The two code snippets are functionally similar. They both achieve the same result, which is to calculate the square root of a number. The only difference is that one is written in Java and the other is written in Java.

The first code snippet uses the Java standard library to read input from the user and calculates the square root of the input number. The second code snippet uses a loop to calculate the square root of a number and prints the result to the console.

Both code snippets achieve the same result,"
InfixConverter,0_orig,SqrtAlgorithm,test_1_artifice_pg_procyon,NON-CLONE,2026-06-26 22:30:14,"  {
""answer"": ""YES-SIMILAR"",
""explanation"": ""The two code snippets are similar because they both perform the same task, which is to calculate the square root of a number. The only difference is that one code snippet uses a for loop to iterate over a range of numbers and the other code snippet uses a while loop to iterate over a range of numbers. The rest of the code is similar, including the use of variables and functions, and the overall structure of the code is similar. Therefore, the answer is YES-SIMILAR.""
}"
InfixConverter,0_orig,bubblesort,0_orig,NON-CLONE,2026-06-26 22:31:12,"  ANSWER: YES-SIMILAR

EXPLANATION: The two code snippets are functionally similar. They both perform the same task, which is to convert an infix expression to a postfix expression. The only difference is in the way they handle the input and output. Code Snippet 1 takes input from the user through the command line, while Code Snippet 2 takes input from the user through the command line and prints the output to the console. However, the functionality of the two code snippets is the same."
InfixConverter,0_orig,bubblesort,1_artifice,NON-CLONE,2026-06-26 22:31:45,"  ANSWER: YES-SIMILAR

EXPLANATION: The two code snippets are functionally similar. They both perform the same task, which is to read input from the user and sort it using the bubble sort algorithm. The only difference is that one of the code snippets is a Java class that implements the bubble sort algorithm, while the other is a Java class that reads input from the user and sorts it using the bubble sort algorithm. The similarity lies in the fact that both code snippets achieve the same result, which is to sort the input using the bubble sort algorithm"
InfixConverter,0_orig,bubblesort,test_0_orig_no_krakatau,NON-CLONE,2026-06-26 22:33:02,"  ANSWER: YES-SIMILAR

EXPLANATION: The two code snippets are functionally similar. They both achieve the same result or perform the same task, even if they differ in syntax, structure, or the specific steps they take to accomplish that task. The only difference between the two code snippets is the name of the class and the method they are contained in. The first code snippet is a class that converts infix expressions to postfix expressions, while the second code snippet is a class that implements bubble sort. Both code snippets are functional similar because they both perform the same"
InfixConverter,0_orig,bubblesort,test_0_orig_no_procyon,NON-CLONE,2026-06-26 22:34:07,"  ANSWER: YES-SIMILAR

EXPLANATION: The two code snippets are functionally similar. They both perform the same task of converting infix expressions to postfix expressions. The only difference is in the syntax and structure of the code. The first code snippet uses a class called InfixConverter to perform the conversion, while the second code snippet uses a class called BubbleSort. However, both code snippets achieve the same result, which is to convert infix expressions to postfix expressions. Therefore, the two code snippets are functionally similar."
InfixConverter,0_orig,bubblesort,test_0_orig_pg_krakatau,NON-CLONE,2026-06-26 22:35:10,"  {
""answer"": ""YES-SIMILAR"",
""explanation"": ""The two code snippets are functionally similar. They both perform the same task, which is to sort an array of integers in ascending order. The only difference is that one uses a stack to store the sorted elements, while the other uses a loop to iterate over the elements and compare them to each other.""
}"
InfixConverter,0_orig,bubblesort,test_0_orig_pg_procyon,NON-CLONE,2026-06-26 22:35:37,"  ANSWER: YES-SIMILAR

EXPLANATION: The two code snippets are functionally similar. They both perform the same task of converting an infix expression to a postfix expression. The only difference is in the syntax and structure of the code. The first code snippet is a Java class that takes an infix expression as input and returns the corresponding postfix expression. The second code snippet is a Java program that takes an array of numbers as input and sorts them using the bubble sort algorithm. However, the similarity lies in the fact that both code snippets perform the same task,"
InfixConverter,0_orig,bubblesort,test_1_artifice_no_krakatau,NON-CLONE,2026-06-26 22:36:40,"  {
""answer"": ""YES-SIMILAR"",
""explanation"": ""The two code snippets are functionally similar. They both perform the same task of converting infix expressions to postfix expressions. The only difference is in the syntax and structure of the code. The first code snippet is a Java class that implements the functionality of converting infix expressions to postfix expressions, while the second code snippet is a Java class that demonstrates the functionality of the first code snippet.""
}"
InfixConverter,0_orig,bubblesort,test_1_artifice_no_procyon,NON-CLONE,2026-06-26 22:37:18,"  ANSWER: YES-SIMILAR

EXPLANATION: The two code snippets are functionally similar. They both perform the same task of converting infix expressions to postfix expressions. The only difference is in the way they handle the input and output. The first code snippet uses the Java standard input stream to read the infix expression from the user, while the second code snippet uses the Java standard input stream to read the number of elements from the user and then reads the elements from the user. The first code snippet then uses a stack to convert the infix expression to postfix, while the"
InfixConverter,0_orig,bubblesort,test_1_artifice_pg_krakatau,NON-CLONE,2026-06-26 22:38:05,"  {
""answer"": ""YES-SIMILAR"",
""explanation"": ""The two code snippets are functionally similar because they both perform the same task of converting an infix expression to a postfix expression. The only difference is in the syntax and structure of the code. The first code snippet is a Java class that implements the InfixToPostfixConvert method, while the second code snippet is a Java class that implements the main method. Both code snippets achieve the same result, which is to convert an infix expression to a postfix expression.""
}"
InfixConverter,0_orig,bubblesort,test_1_artifice_pg_procyon,NON-CLONE,2026-06-26 22:38:39,"  ANSWER: YES-SIMILAR

EXPLANATION: The two code snippets are functionally similar. They both perform the same task, which is to convert an infix expression to a postfix expression. The only difference is in the syntax and structure of the code. The first code snippet is a complete program that reads an infix expression from the user and then converts it to a postfix expression using a stack. The second code snippet is a program that sorts an array of numbers using the bubble sort algorithm. The similarity between the two code snippets lies in the fact that they both"
InfixConverter,0_orig,guessword,0_orig,NON-CLONE,2026-06-26 22:39:42,"  ANSWER: YES-SIMILAR

EXPLANATION: The two code snippets are functionally similar. They both perform the same task of converting an infix expression to a postfix expression. The only difference is that the first code snippet uses a stack to perform the conversion, while the second code snippet uses a random number generator to generate a random word from a file. The rest of the code is similar."
InfixConverter,0_orig,guessword,1_artifice,NON-CLONE,2026-06-26 22:41:09,"  ANSWER: YES-SIMILAR

EXPLANATION: The two code snippets are functionally similar. They both perform the same task of converting an infix expression to a postfix expression. The only difference is that the first code snippet uses a stack to perform the conversion, while the second code snippet uses a random number generator to generate a random word from a file and then checks if the user's guess is correct. The similarity lies in the fact that both code snippets achieve the same result, even though they differ in syntax, structure, and specific steps they take to accomplish that task"
InfixConverter,0_orig,guessword,test_0_orig_no_krakatau,NON-CLONE,2026-06-26 22:42:27,"  ANSWER: YES-SIMILAR

EXPLANATION: The two code snippets are functionally similar because they both
achieve the same result or perform the same task, even if they differ in
syntax, structure, or specific steps they take to accomplish that task.
The first code snippet is a Java program that takes in a string from the
user and converts it to a postfix expression. The second code snippet is a
Java program that takes in a string from the user and compares it to a
secret word. The similarity between the two code snippets lies in the"
InfixConverter,0_orig,guessword,test_0_orig_no_procyon,NON-CLONE,2026-06-26 22:43:27,"  ANSWER: YES-SIMILAR

EXPLANATION: The two code snippets are functionally similar because they both
achieve the same result or perform the same task, even if they differ in
syntax, structure, or the specific steps they take to accomplish that
task. The first code snippet is a program that takes in a string and
converts it to a postfix expression. The second code snippet is a program
that takes in a string and outputs a guessed word. Both snippets are
functionally similar because they both take in a string and output a
"
InfixConverter,0_orig,guessword,test_0_orig_pg_krakatau,NON-CLONE,2026-06-26 22:44:53,"  ANSWER: YES-SIMILAR

EXPLANATION: The two code snippets are functionally similar. They both achieve the same result or perform the same task, even if they differ in syntax, structure, or the specific steps they take to accomplish that task. The only difference between the two code snippets is that one is a Java class and the other is a Java program. The class and program both have the same functionality, which is to read a file and convert the contents of the file to a postfix expression. The only difference is that the class is a part of a larger program"
InfixConverter,0_orig,guessword,test_0_orig_pg_procyon,NON-CLONE,2026-06-26 22:46:22,"  ANSWER: YES-SIMILAR

EXPLANATION: The two code snippets are functionally similar. They both perform the same task, which is to convert an infix expression to a postfix expression. The only difference is in the syntax and structure of the code. The first code snippet is a Java class that implements the functionality, while the second code snippet is a Java class that demonstrates the functionality using a main method. Both code snippets achieve the same result, but the first code snippet is more structured and organized, while the second code snippet is more concise and easier to"
InfixConverter,0_orig,guessword,test_1_artifice_no_krakatau,NON-CLONE,2026-06-26 22:48:11,"  ANSWER: YES-SIMILAR

EXPLANATION: The two code snippets are functionally similar. They both perform the same task of converting an infix expression to a postfix expression. The only difference is that one is written in Java and the other is written in a different language. The functionality is the same, and the only difference is the syntax and structure of the code."
InfixConverter,0_orig,guessword,test_1_artifice_no_procyon,NON-CLONE,2026-06-26 22:48:58,"  ANSWER: YES-SIMILAR

EXPLANATION: The two code snippets are functionally similar. They both perform the same task, which is to convert an infix expression to a postfix expression. The only difference is in the way they handle the input and output. The first code snippet uses the standard input and output streams, while the second code snippet uses a file input stream and a file reader. However, the functionality of the two code snippets is the same, and they achieve the same result."
InfixConverter,0_orig,guessword,test_1_artifice_pg_krakatau,NON-CLONE,2026-06-26 22:50:59,"  ANSWER: YES-SIMILAR

EXPLANATION: The two code snippets are functionally similar. They both perform the same task of converting an infix expression to a postfix expression. The only difference is in the syntax and structure of the code. The first code snippet uses a static method to perform the conversion, while the second code snippet uses a class with a main method to perform the conversion. However, the functionality of the two code snippets is the same, and they can be considered similar."
InfixConverter,0_orig,guessword,test_1_artifice_pg_procyon,NON-CLONE,2026-06-26 22:52:07,"  ANSWER: YES-SIMILAR

EXPLANATION: The two code snippets are functionally similar. They both perform the same task, which is to convert an infix expression to a postfix expression. The only difference is in the way they handle the input and output. The first code snippet uses the standard input and output streams to read and write the input and output, while the second code snippet uses a file reader to read the input and a buffered reader to write the output. However, the functionality of the two code snippets is the same, and they can be considered similar."
InfixConverter,0_orig,hanoi,0_orig,NON-CLONE,2026-06-26 22:53:39,"  ANSWER: YES-SIMILAR

EXPLANATION: The two code snippets are functionally similar. They both perform the same task, which is to convert a given expression from infix to postfix. The only difference is that one of the code snippets uses a stack to store the characters of the infix expression, while the other uses a stack to store the integers. The stacks are used to keep track of the characters and integers in the infix expression, and to determine the order in which the characters and integers should be processed. The rest of the code is similar between the"
InfixConverter,0_orig,hanoi,1_artifice,NON-CLONE,2026-06-26 22:55:45,"  {
""answer"": ""YES-SIMILAR"",
""explanation"": ""The two code snippets are functionally similar. They both achieve the same result or perform the same task, even if they differ in syntax, structure, or the specific steps they take to accomplish that task. The only difference is that one is a Java class that converts infix expressions to postfix expressions, while the other is a Java class that implements a simple game of Hanoi. Both classes have the same functionality, but they are structured differently and have different names. The similarity is not perfect, but it is sufficient"
InfixConverter,0_orig,hanoi,test_0_orig_no_krakatau,NON-CLONE,2026-06-26 22:57:43,"  ANSWER: YES-SIMILAR

EXPLANATION: The two code snippets are functionally similar. They both achieve the same result or perform the same task, even if they differ in syntax, structure, or the specific steps they take to accomplish that task. The only difference is that one is written in Java and the other is written in Java.

The first code snippet is a program that takes in a string of characters and converts it to a postfix expression. The second code snippet is a program that solves the Towers of Hanoi problem. Both programs achieve the same result"
InfixConverter,0_orig,hanoi,test_0_orig_no_procyon,NON-CLONE,2026-06-26 22:59:10,"  ANSWER: YES-SIMILAR

EXPLANATION: The two code snippets are functionally similar. They both solve a
problem of moving discs from one stack to another. The first code snippet
converts a given infix expression to a postfix expression, while the second
code snippet solves a problem of moving discs from one stack to another.
Both code snippets achieve the same result or perform the same task, even if
they differ in syntax, structure, or the specific steps they take to
accomplish that task."
InfixConverter,0_orig,hanoi,test_0_orig_pg_krakatau,NON-CLONE,2026-06-26 23:01:14,"  ANSWER: YES-SIMILAR

EXPLANATION: The two code snippets are functionally similar. They both perform the same task, which is to convert infix expressions to postfix expressions. The only difference is in the syntax and structure of the code. The first code snippet is a Java class that implements the functionality, while the second code snippet is a Java program that demonstrates the functionality. The program uses a stack data structure to store the postfix expression, and it has a main method that prompts the user to enter an infix expression and then converts it to a postfix"
InfixConverter,0_orig,hanoi,test_0_orig_pg_procyon,NON-CLONE,2026-06-26 23:02:57,"  ANSWER: YES-SIMILAR

EXPLANATION: The two code snippets are functionally similar. They both perform the same task, which is to convert an infix expression to a postfix expression. The only difference is in the syntax and structure of the code. The first code snippet is a Java class that implements the functionality, while the second code snippet is a Java program that uses the functionality. The similarity lies in the fact that both snippets achieve the same result, but one is a class and the other is a program."
InfixConverter,0_orig,hanoi,test_1_artifice_no_krakatau,NON-CLONE,2026-06-26 23:04:56,"  ANSWER: YES-SIMILAR

EXPLANATION: The two code snippets are functionally similar. They both achieve the same result or perform the same task, even if they differ in syntax, structure, or the specific steps they take to accomplish that task. The only difference between the two code snippets is that one is written in Java and the other is written in Java.

The first code snippet is a Java program that takes in input from the user and converts it to postfix notation. The second code snippet is a Java program that implements a simple game of Hanoi."
InfixConverter,0_orig,hanoi,test_1_artifice_no_procyon,NON-CLONE,2026-06-26 23:05:52,"  ANSWER: YES-SIMILAR

EXPLANATION: The two code snippets are functionally similar. They both achieve the same result or perform the same task, even if they differ in syntax, structure, or specific steps. The first code snippet is a Java program that converts an infix expression to a postfix expression, while the second code snippet is a Java program that implements a Tower of Hanoi puzzle. Both programs have a similar structure, with a main method that calls other methods to achieve the same result. The first method, InfixToPostfixConvert, converts an"
InfixConverter,0_orig,hanoi,test_1_artifice_pg_krakatau,NON-CLONE,2026-06-26 23:07:32,"  ANSWER: YES-SIMILAR

EXPLANATION: The two code snippets are functionally similar. They both perform the same task, which is to convert infix expressions to postfix expressions. The only difference is in the syntax and structure of the code. The first code snippet is a Java class that implements the functionality, while the second code snippet is a Java program that demonstrates the functionality. The second code snippet is a more complete program that includes a main method and a static block to initialize the variables. The first code snippet is a more concise version of the program that only includes"
InfixConverter,0_orig,hanoi,test_1_artifice_pg_procyon,NON-CLONE,2026-06-26 23:09:25,"  ANSWER: YES-SIMILAR

EXPLANATION: The two code snippets are functionally similar. They both achieve the same result or perform the same task, even though they differ in syntax, structure, or the specific steps they take to accomplish that task. The only difference is that one is written in Java and the other is written in Java.

The first code snippet is a Java program that takes in input from the user and converts it to postfix notation. The second code snippet is a Java program that takes in input from the user and performs a specific task. The only difference"
InfixConverter,0_orig,kaprekar,0_orig,NON-CLONE,2026-06-26 23:10:11,"  ANSWER: YES-SIMILAR

EXPLANATION: The two code snippets are functionally similar. They both perform the same task, which is to convert an infix expression to a postfix expression. The only difference is in the way they handle the input and output. The first code snippet uses the Java standard input stream to read the infix expression from the user, while the second code snippet uses a method to read the infix expression from the user. Additionally, the first code snippet uses a stack to convert the infix expression to a postfix expression, while the second code snippet"
InfixConverter,0_orig,kaprekar,1_artifice,NON-CLONE,2026-06-26 23:11:57,"  ANSWER: YES-SIMILAR

EXPLANATION: The two code snippets are functionally similar. They both perform the same task of converting an infix expression to a postfix expression. The only difference is that the first code snippet uses a stack to perform the conversion, while the second code snippet uses a loop to perform the conversion. The two code snippets achieve the same result, but the first code snippet is more efficient and easier to understand."
InfixConverter,0_orig,kaprekar,test_0_orig_no_krakatau,NON-CLONE,2026-06-26 23:13:17,"  ANSWER: YES-SIMILAR

EXPLANATION: The two code snippets are functionally similar. They both perform the same task of converting an infix expression to a postfix expression. The only difference is that one code snippet uses a stack to perform the conversion, while the other code snippet uses a loop to perform the conversion. The two code snippets achieve the same result, even though they differ in syntax and structure. Therefore, they are functionally similar."
InfixConverter,0_orig,kaprekar,test_0_orig_no_procyon,NON-CLONE,2026-06-26 23:14:52,"  ANSWER: YES-SIMILAR

EXPLANATION: The two code snippets are functionally similar. They both perform the same task of converting an infix expression to a postfix expression. The only difference is that the first code snippet uses a stack to perform the conversion, while the second code snippet uses a loop to perform the same task. The two code snippets achieve the same result, but the first code snippet is more complex and harder to understand."
InfixConverter,0_orig,kaprekar,test_0_orig_pg_krakatau,NON-CLONE,2026-06-26 23:16:16,"  ANSWER: YES-SIMILAR

EXPLANATION: The two code snippets are functionally similar. They both achieve the same result or perform the same task, even if they differ in syntax, structure, or the specific steps they take to accomplish that task. The only difference is that one is a Java class that implements a Kaprekar transformation, while the other is a Java class that implements an infix to postfix converter. Both classes have the same functionality, and the only difference is that one uses a different approach to achieve the same result."
InfixConverter,0_orig,kaprekar,test_0_orig_pg_procyon,NON-CLONE,2026-06-26 23:17:42,"  ANSWER: YES-SIMILAR

EXPLANATION: The two code snippets are functionally similar. They both perform the same task of converting an infix expression to a postfix expression. The only difference is in the syntax and structure of the code. The first code snippet is a Java program that uses a stack to convert an infix expression to a postfix expression, while the second code snippet is a Java program that uses a loop to perform the same task. However, the two code snippets achieve the same result and are functionally similar."
InfixConverter,0_orig,kaprekar,test_1_artifice_no_krakatau,NON-CLONE,2026-06-26 23:19:02,"  ANSWER: YES-SIMILAR

EXPLANATION: The two code snippets are functionally similar. They both perform the same task of converting an infix expression to a postfix expression. The only difference is in the syntax and structure of the code. The first code snippet is a Java program that takes an infix expression as input and returns the corresponding postfix expression. The second code snippet is a Java class that implements the Kaprekar transformation. The class takes a 3-digit number as input and returns the Kaprekar transformation of that number. Both code snippets achieve the"
InfixConverter,0_orig,kaprekar,test_1_artifice_no_procyon,NON-CLONE,2026-06-26 23:20:00,"  ANSWER: YES-SIMILAR

EXPLANATION: The two code snippets are functionally similar. They both achieve the same result or perform the same task, even if they differ in syntax, structure, or the specific steps they take to accomplish that task. The only difference is that one is written in Java and the other is written in Java.

The first code snippet is a program that takes in a string and converts it to a postfix expression. The second code snippet is a program that takes in a 3-digit number and performs the Kaprekar transformation on it."
InfixConverter,0_orig,kaprekar,test_1_artifice_pg_krakatau,NON-CLONE,2026-06-26 23:21:39,"  ANSWER: YES-SIMILAR

EXPLANATION: The two code snippets are functionally similar. They both perform the same task of converting an infix expression to a postfix expression. The only difference is in the syntax and structure of the code. The first code snippet is a Java class that takes an infix expression as input and returns the corresponding postfix expression. The second code snippet is a Java class that takes a 3-digit number as input and returns the Kaprekar transformation of that number. Both code snippets achieve the same result, but the first code snippet is"
InfixConverter,0_orig,kaprekar,test_1_artifice_pg_procyon,NON-CLONE,2026-06-26 23:23:06,"  ANSWER: YES-SIMILAR

EXPLANATION: The two code snippets are functionally similar. Both are programs that take a string as input and output a string. The first code snippet uses a stack to convert an infix expression to a postfix expression, while the second code snippet uses a loop to perform a Kaprekar transformation on a 3-digit number. Both snippets achieve the same result, even though they differ in syntax and structure."
InfixConverter,0_orig,queens,0_orig,NON-CLONE,2026-06-26 23:23:34,"  ANSWER: YES-SIMILAR

EXPLANATION: The two code snippets are functionally similar. They both solve a
problem involving a set of constraints. The first code snippet, InfixConverter,
converts an infix expression to a postfix expression. The second code snippet,
EightQueens, solves the Eight Queens problem, which is a well-known problem in
computer science. Both code snippets have a similar structure, with a main
function that calls a solveIt function, which calls a solveItRec function. The
solve"
InfixConverter,0_orig,queens,1_artifice,NON-CLONE,2026-06-26 23:24:41,"  ANSWER: YES-SIMILAR

EXPLANATION: The two code snippets are functionally similar. They both achieve the same result or perform the same task, even though they differ in syntax, structure, or the specific steps they take to accomplish that task. The only difference is that one is a Java program that solves the Eight Queens problem and the other is a Java program that converts an infix expression to a postfix expression. Both programs have the same functionality and can be used to solve the Eight Queens problem."
InfixConverter,0_orig,queens,test_0_orig_no_krakatau,NON-CLONE,2026-06-26 23:25:21,"  ANSWER: YES-SIMILAR

EXPLANATION: The two code snippets are functionally similar. They both solve a
problem involving a queen puzzle. The first code snippet, InfixConverter,
converts an infix expression to a postfix expression. The second code
snippet, EightQueens, solves the eight queens problem. Both code
snippets achieve the same result or perform the same task, even if they
differ in syntax, structure, or the specific steps they take to accomplish
that task."
InfixConverter,0_orig,queens,test_0_orig_no_procyon,NON-CLONE,2026-06-26 23:26:00,"  ANSWER: YES-SIMILAR

EXPLANATION: The two code snippets are functionally similar. They both solve a
problem involving an 8x8 chess board. The first code snippet uses a stack to
convert an infix expression to a postfix expression, while the second code
snippet uses a recursive backtracking algorithm to find all possible
solutions to the 8x8 chess board problem. Both code snippets achieve the
same result, which is to find all possible solutions to the 8x8 chess board
problem. The"
InfixConverter,0_orig,queens,test_0_orig_pg_krakatau,NON-CLONE,2026-06-26 23:26:33,"  ANSWER: YES-SIMILAR

EXPLANATION: The two code snippets are functionally similar. They both solve the problem of converting an infix expression to a postfix expression. The only difference is that one is written in Java and the other is written in a different language. The functionality of the two code snippets is the same, and they both achieve the same result."
InfixConverter,0_orig,queens,test_0_orig_pg_procyon,NON-CLONE,2026-06-26 23:27:07,"  ANSWER: YES-SIMILAR

EXPLANATION: The two code snippets are functionally similar. They both solve the same problem of converting infix notation to postfix notation. The only difference is that one is written in Java and the other is written in Java. The code snippets have similar functionality and achieve the same result."
InfixConverter,0_orig,queens,test_1_artifice_no_krakatau,NON-CLONE,2026-06-26 23:27:42,"  ANSWER: YES-SIMILAR

EXPLANATION: The two code snippets are functionally similar. They both achieve the same result or perform the same task, even if they differ in syntax, structure, or specific steps they take to accomplish that task. The only difference is that one is a Java class that generates a solution to the Eight Queens problem, while the other is a Java class that converts an infix expression to a postfix expression. Both code snippets are similar in that they both have a main method that calls a method to perform the task. The only difference is that"
InfixConverter,0_orig,queens,test_1_artifice_no_procyon,NON-CLONE,2026-06-26 23:28:44,"  ANSWER: YES-SIMILAR

EXPLANATION: The two code snippets are functionally similar. They both achieve the same result or perform the same task, even if they differ in syntax, structure, or specific steps they take to accomplish that task. The only difference is that the first code snippet is a Java program that converts infix expressions to postfix expressions, while the second code snippet is a Java program that solves the Eight Queens problem. Both code snippets are written in Java and have similar structure, with a main method that calls other methods to achieve the same result. The"
InfixConverter,0_orig,queens,test_1_artifice_pg_krakatau,NON-CLONE,2026-06-26 23:29:09,"  {""answer"": ""YES-SIMILAR"", ""explanation"": ""The two code snippets are functionally similar. They both achieve the same result or perform the same task, even if they differ in syntax, structure, or specific steps they take to accomplish that task.""}"
InfixConverter,0_orig,queens,test_1_artifice_pg_procyon,NON-CLONE,2026-06-26 23:29:51,"  ANSWER: YES-SIMILAR

EXPLANATION: The two code snippets are functionally similar. They both perform the same task, which is to convert an infix expression to a postfix expression. The only difference is in the syntax and structure of the code. The first code snippet is a Java class that implements the functionality of the second code snippet, which is a Java program that demonstrates the functionality. The second code snippet is a Java program that demonstrates the functionality of the first code snippet."
InfixConverter,0_orig,railroadcar,0_orig,NON-CLONE,2026-06-26 23:30:28,"  ANSWER: YES-SIMILAR

EXPLANATION: The two code snippets are functionally similar. They both perform the same task, which is to rearrange a list of integers in a specific order. The only difference is that one code snippet uses a stack to perform the rearrangement, while the other code snippet uses a linked list. Both code snippets achieve the same result, but they differ in syntax, structure, and the specific steps they take to accomplish that task."
InfixConverter,0_orig,railroadcar,1_artifice,NON-CLONE,2026-06-26 23:31:50,"  {
""answer"": ""YES-SIMILAR"",
""explanation"": ""The two code snippets are similar because they both achieve the same result, which is to rearrange a list of cars in a specific order. The only difference is that the first code snippet uses a stack to achieve the rearrangement, while the second code snippet uses a linked list to achieve the same result.""
}"
InfixConverter,0_orig,railroadcar,test_0_orig_no_krakatau,NON-CLONE,2026-06-26 23:32:23,"  ANSWER: YES-SIMILAR

EXPLANATION: The two code snippets are functionally similar. They both perform the same task, which is to rearrange a list of cars in the correct order. The only difference is that one snippet uses a stack to perform the rearrangement, while the other snippet uses a linked list. Both snippets achieve the same result, but the first snippet uses a more complex data structure and a more complex algorithm to achieve the result."
InfixConverter,0_orig,railroadcar,test_0_orig_no_procyon,NON-CLONE,2026-06-26 23:32:54,"  ANSWER: YES-SIMILAR

EXPLANATION: The two code snippets are functionally similar. Both snippets
perform the same task, which is to rearrange a list of cars in the
correct order. The only difference is that one snippet uses a stack to
store the cars and the other uses a linked list. Both snippets use a
while loop to iterate through the list of cars and a for loop to iterate
through the list of cars. The only difference is that one snippet uses a
stack to store the cars and the other uses a linked list. Both"
InfixConverter,0_orig,railroadcar,test_0_orig_pg_krakatau,NON-CLONE,2026-06-26 23:34:04,"  ANSWER: YES-SIMILAR

EXPLANATION: The two code snippets are functionally similar. Both snippets achieve the same result or perform the same task, even though they differ in syntax, structure, or specific steps. The first snippet is a Java program that converts infix expressions to postfix expressions, while the second snippet is a Java program that rearranges a list of cars. Both programs have the same functionality, but they differ in syntax and structure."
InfixConverter,0_orig,railroadcar,test_0_orig_pg_procyon,NON-CLONE,2026-06-26 23:34:33,"  {
""answer"": ""YES-SIMILAR"",
""explanation"": ""The two code snippets are similar because they both perform the same task, which is to rearrange a list of cars in a railroad station. The only difference is that one code snippet uses a stack to rearrange the cars, while the other code snippet uses a linked list to rearrange the cars. Both code snippets achieve the same result, which is to rearrange the cars in a railroad station.""
}"
InfixConverter,0_orig,railroadcar,test_1_artifice_no_krakatau,NON-CLONE,2026-06-26 23:35:31,"  ANSWER: YES-SIMILAR

EXPLANATION: The two code snippets are functionally similar. They both achieve the same result, which is to rearrange a list of cars in a specific order. The only difference is that one uses a stack to store the cars and the other uses a linked list. The stack is implemented using a linked list, and the linked list is used to store the cars. The code snippets are functionally similar because they both achieve the same result, but the first snippet uses a stack to implement the stack and the second snippet uses a linked list to implement"
InfixConverter,0_orig,railroadcar,test_1_artifice_no_procyon,NON-CLONE,2026-06-26 23:36:13,"  ANSWER: YES-SIMILAR

EXPLANATION: The two code snippets are functionally similar. They both achieve the same result or perform the same task, even if they differ in syntax, structure, or the specific steps they take to accomplish that task. The only difference is that one is written in Java and the other is written in Java.

The first code snippet is a Java program that takes in a string of characters and returns the string in postfix notation. The second code snippet is a Java program that takes in a string of characters and returns the string in a specific order"
InfixConverter,0_orig,railroadcar,test_1_artifice_pg_krakatau,NON-CLONE,2026-06-26 23:37:22,"  ANSWER: YES-SIMILAR

EXPLANATION: The two code snippets are functionally similar. They both achieve the same result or perform the same task, even if they differ in syntax, structure, or specific steps they take to accomplish that task. The only difference between the two code snippets is that one is a Java class that converts an infix expression to a postfix expression, while the other is a Java class that rearranges a list of cars. Both code snippets are similar in that they both have a main method that takes input from the user and prints the result"
InfixConverter,0_orig,railroadcar,test_1_artifice_pg_procyon,NON-CLONE,2026-06-26 23:37:52,"  ANSWER: YES-SIMILAR

EXPLANATION: The two code snippets are functionally similar. Both are programs that take input from the user and rearrange it in a specific way. The first code snippet uses a stack to convert infix notation to postfix notation, while the second code snippet uses a linked list to rearrange the input. The only difference is that the first code snippet uses a stack to perform the rearrangement, while the second code snippet uses a linked list. Both code snippets achieve the same result, which is to rearrange the input in a specific"
InfixConverter,0_orig,slinkedlist,0_orig,NON-CLONE,2026-06-26 23:39:28,"  {
""answer"": ""YES-SIMILAR"",
""explanation"": ""The two code snippets are functionally similar because they both perform the same task of converting infix expressions to postfix expressions. The only difference is that the first code snippet uses a stack to achieve the conversion, while the second code snippet uses a recursive approach. Both approaches achieve the same result, so the snippets are functionally similar.""
}"
InfixConverter,0_orig,slinkedlist,1_artifice,NON-CLONE,2026-06-26 23:40:33,"  ANSWER: YES-SIMILAR

EXPLANATION: The two code snippets are functionally similar. They both perform the same task, which is to convert an infix expression to a postfix expression. The only difference is that one is written in Java and the other is written in Java.

The first code snippet uses a stack to convert the infix expression to a postfix expression. The second code snippet uses a linked list to perform the same task. Both code snippets achieve the same result, but the first code snippet is more efficient and easier to understand."
InfixConverter,0_orig,slinkedlist,test_0_orig_no_krakatau,NON-CLONE,2026-06-26 23:41:14,"  ANSWER: YES-SIMILAR

EXPLANATION: The two code snippets are functionally similar. They both perform the same task, which is to convert an infix expression to a postfix expression. The only difference is in the syntax and structure of the code. The first code snippet is a Java program that implements the functionality, while the second code snippet is a Java class that demonstrates the functionality. The two code snippets are similar in that they both achieve the same result, but they differ in syntax and structure."
InfixConverter,0_orig,slinkedlist,test_0_orig_no_procyon,NON-CLONE,2026-06-26 23:41:46,"  ANSWER: YES-SIMILAR

EXPLANATION: The two code snippets are functionally similar because they both perform the same task, which is to convert infix expressions to postfix expressions. The only difference is that one code snippet uses a stack to perform the conversion, while the other code snippet uses a recursive approach. However, both code snippets achieve the same result, which is to convert infix expressions to postfix expressions. Therefore, they are functionally similar."
InfixConverter,0_orig,slinkedlist,test_0_orig_pg_krakatau,NON-CLONE,2026-06-26 23:42:46,"  ANSWER: YES-SIMILAR

EXPLANATION: The two code snippets are functionally similar. They both perform the same task, which is to convert an infix expression to a postfix expression. The only difference is in the syntax and structure of the code. The first code snippet is a Java program that performs the conversion, while the second code snippet is a Java program that creates a linked list and traverses it in both forward and backward directions. However, the functionality of the two code snippets is the same."
InfixConverter,0_orig,slinkedlist,test_0_orig_pg_procyon,NON-CLONE,2026-06-26 23:43:11,"  ANSWER: YES-SIMILAR

EXPLANATION: The two code snippets are similar in that they both perform a task of converting an infix expression to a postfix expression. The only difference is that the first code snippet uses a stack to perform the conversion, while the second code snippet uses a recursive approach. However, the overall functionality of the two code snippets is similar, as they both achieve the same result."
InfixConverter,0_orig,slinkedlist,test_1_artifice_no_krakatau,NON-CLONE,2026-06-26 23:44:25,"  {""answer"": ""YES-SIMILAR"", ""explanation"": ""The two code snippets are functionally similar. They both perform the same task of converting infix expressions to postfix expressions. The only difference is in the syntax and structure of the code. The first code snippet is a Java program that converts infix expressions to postfix expressions, while the second code snippet is a Java class that represents a singly linked list. The two code snippets are similar in that they both achieve the same result, but they differ in syntax and structure. Therefore, the answer is YES-SIMILAR."""
InfixConverter,0_orig,slinkedlist,test_1_artifice_no_procyon,NON-CLONE,2026-06-26 23:45:56,"  ANSWER: YES-SIMILAR

EXPLANATION: The two code snippets are functionally similar. They both achieve the same result or perform the same task, even if they differ in syntax, structure, or the specific steps they take to accomplish that task. The only difference is that one is a Java class that implements a linked list, while the other is a Java class that implements an infix to postfix converter. The functionality of the two code snippets is the same, and they can be used interchangeably without any issues."
InfixConverter,0_orig,slinkedlist,test_1_artifice_pg_krakatau,NON-CLONE,2026-06-26 23:46:22,"  {""answer"": ""YES-SIMILAR"", ""explanation"": ""The two code snippets are similar because they both perform the same task, which is to convert infix notation to postfix notation. The only difference is the syntax and structure of the code, and the specific steps taken to accomplish the task. The code snippets are functionally similar, but the syntax and structure of the code are different.""}"
InfixConverter,0_orig,slinkedlist,test_1_artifice_pg_procyon,NON-CLONE,2026-06-26 23:46:55,"  ANSWER: YES-SIMILAR

EXPLANATION: The two code snippets are functionally similar. They both perform the same task of converting an infix expression to a postfix expression. The only difference is in the syntax and structure of the code. The first code snippet is a Java program that takes an infix expression as input and returns the corresponding postfix expression. The second code snippet is a Java program that creates a linked list and traverses it in both forward and backward directions. While the two code snippets achieve the same result, they differ in syntax and structure. The"
InfixConverter,0_orig,square,0_orig,NON-CLONE,2026-06-26 23:48:02,"  ANSWER: YES-SIMILAR

EXPLANATION: The two code snippets are functionally similar. Both are programs that solve a magic square problem. The first code snippet is a console application that takes in a string of numbers and outputs the magic square solution. The second code snippet is a class that takes in a number and outputs the magic square solution. Both snippets achieve the same result, even though they differ in syntax, structure, and specific steps."
InfixConverter,0_orig,square,1_artifice,NON-CLONE,2026-06-26 23:49:43,"  {
""answer"": ""YES-SIMILAR"",
""explanation"": ""The two code snippets are functionally similar. They both perform the same task, which is to convert an infix expression to a postfix expression. The only difference is in the syntax and structure of the code. The first code snippet uses a more traditional approach with functions and variables, while the second code snippet uses an object-oriented approach with a class and methods. However, the functionality is the same.""
}"
InfixConverter,0_orig,square,test_0_orig_no_krakatau,NON-CLONE,2026-06-26 23:51:18,"  ANSWER: YES-SIMILAR

EXPLANATION: The two code snippets are functionally similar. They both achieve the same result or perform the same task, even if they differ in syntax, structure, or the specific steps they take to accomplish that task. The only difference is that Code Snippet 1 is a Java class that converts an infix expression to a postfix expression, while Code Snippet 2 is a Java class that generates a magic square. However, both classes have the same functionality and can be considered similar."
InfixConverter,0_orig,square,test_0_orig_no_procyon,NON-CLONE,2026-06-26 23:52:22,"  ANSWER: YES-SIMILAR

EXPLANATION: The two code snippets are functionally similar. They both achieve the same result or perform the same task, even if they differ in syntax, structure, or the specific steps they take to accomplish that task. The only difference is that one is a Java class that implements a magic square problem and the other is a Java class that implements a string to postfix converter. Both classes have the same functionality and achieve the same result."
InfixConverter,0_orig,square,test_0_orig_pg_krakatau,NON-CLONE,2026-06-26 23:54:21,"  ANSWER: YES-SIMILAR

EXPLANATION: The two code snippets are functionally similar. They both achieve the same result or perform the same task, even though they differ in syntax, structure, or the specific steps they take to accomplish that task. The first code snippet is a Java program that takes in an infix expression and returns its equivalent postfix expression. The second code snippet is a Java class that generates a magic square of size 3x3. Both code snippets are written in Java and use similar syntax and structure. The only difference is that the first code snippet"
InfixConverter,0_orig,square,test_0_orig_pg_procyon,NON-CLONE,2026-06-26 23:55:09,"  ANSWER: YES-SIMILAR

EXPLANATION: The two code snippets are functionally similar. They both perform the same task, which is to convert an infix expression to a postfix expression. The only difference is in the syntax and structure of the code. The first code snippet uses a class called InfixConverter to perform the conversion, while the second code snippet uses a class called MagicSquare. Both code snippets achieve the same result, but the first one is more concise and easier to read."
InfixConverter,0_orig,square,test_1_artifice_no_krakatau,NON-CLONE,2026-06-26 23:56:32,"  ANSWER: YES-SIMILAR

EXPLANATION: The two code snippets are functionally similar. They both achieve the same result or perform the same task, even if they differ in syntax, structure, or the specific steps they take to accomplish that task. The only difference is that one is a Java class that implements a magic square problem, while the other is a Java class that implements an infix to postfix converter. Both classes have the same functionality and achieve the same result."
InfixConverter,0_orig,square,test_1_artifice_no_procyon,NON-CLONE,2026-06-26 23:57:46,"  ANSWER: YES-SIMILAR

EXPLANATION: The two code snippets are functionally similar. They both achieve the same result or perform the same task, even if they differ in syntax, structure, or the specific steps they take to accomplish that task.

The first code snippet is a Java program that takes in a string and returns its equivalent in postfix notation. The second code snippet is a Java program that generates a magic square. Both code snippets are similar in that they both take in some input and return a result. However, the first code snippet returns the result in"
InfixConverter,0_orig,square,test_1_artifice_pg_krakatau,NON-CLONE,2026-06-26 23:59:52,"  ANSWER: YES-SIMILAR

EXPLANATION: The two code snippets are functionally similar. They both achieve the same result, which is to convert an infix expression to a postfix expression. The only difference is that one is written in Java and the other is written in a different language. The functionality is the same, and the only difference is the syntax and structure of the code."
InfixConverter,0_orig,square,test_1_artifice_pg_procyon,NON-CLONE,2026-06-27 00:01:23,"  {""answer"": ""YES-SIMILAR"", ""explanation"": ""The two code snippets are functionally similar. They both achieve the same result, which is to convert an infix expression to a postfix expression. The only difference is in the syntax and structure of the code. The first code snippet uses a class called InfixConverter to perform the conversion, while the second code snippet uses a class called MagicSquare to perform the conversion. However, both code snippets achieve the same result, which is the conversion of an infix expression to a postfix expression.""}"
