pair_id,label,lang,file1,file2,problem1,problem2
0,1,java,84294.java,58633.java,2013_0_1,2013_0_1
1,1,java,84294.java,124149.java,2013_0_1,2013_0_1
2,1,java,84294.java,88116.java,2013_0_1,2013_0_1
3,1,java,84294.java,124226.java,2013_0_1,2013_0_1
4,1,java,58633.java,124149.java,2013_0_1,2013_0_1
5,1,java,58633.java,88116.java,2013_0_1,2013_0_1
6,1,java,58633.java,124226.java,2013_0_1,2013_0_1
7,1,java,124149.java,88116.java,2013_0_1,2013_0_1
8,1,java,124149.java,124226.java,2013_0_1,2013_0_1
9,1,java,88116.java,124226.java,2013_0_1,2013_0_1
10,1,java,95524.java,44471.java,2013_0_2,2013_0_2
11,1,java,95524.java,55421.java,2013_0_2,2013_0_2
12,1,java,95524.java,90919.java,2013_0_2,2013_0_2
13,1,java,95524.java,114653.java,2013_0_2,2013_0_2
14,1,java,44471.java,55421.java,2013_0_2,2013_0_2
15,1,java,44471.java,90919.java,2013_0_2,2013_0_2
16,1,java,44471.java,114653.java,2013_0_2,2013_0_2
17,1,java,55421.java,90919.java,2013_0_2,2013_0_2
18,1,java,55421.java,114653.java,2013_0_2,2013_0_2
19,1,java,90919.java,114653.java,2013_0_2,2013_0_2
20,1,java,55548.java,94901.java,2013_0_3,2013_0_3
21,1,java,55548.java,78294.java,2013_0_3,2013_0_3
22,1,java,55548.java,118052.java,2013_0_3,2013_0_3
23,1,java,55548.java,83531.java,2013_0_3,2013_0_3
24,1,java,94901.java,78294.java,2013_0_3,2013_0_3
25,1,java,94901.java,118052.java,2013_0_3,2013_0_3
26,1,java,94901.java,83531.java,2013_0_3,2013_0_3
27,1,java,78294.java,118052.java,2013_0_3,2013_0_3
28,1,java,78294.java,83531.java,2013_0_3,2013_0_3
29,1,java,118052.java,83531.java,2013_0_3,2013_0_3
30,1,java,35305.java,30788.java,2013_1_1,2013_1_1
31,1,java,35305.java,30610.java,2013_1_1,2013_1_1
32,1,java,35305.java,30305.java,2013_1_1,2013_1_1
33,1,java,35305.java,40715.java,2013_1_1,2013_1_1
34,1,java,30788.java,30610.java,2013_1_1,2013_1_1
35,1,java,30788.java,30305.java,2013_1_1,2013_1_1
36,1,java,30788.java,40715.java,2013_1_1,2013_1_1
37,1,java,30610.java,30305.java,2013_1_1,2013_1_1
38,1,java,30610.java,40715.java,2013_1_1,2013_1_1
39,1,java,30305.java,40715.java,2013_1_1,2013_1_1
40,1,java,107403.java,81302.java,2014_0_2,2014_0_2
41,1,java,107403.java,27351.java,2014_0_2,2014_0_2
42,1,java,107403.java,41018.java,2014_0_2,2014_0_2
43,1,java,107403.java,110678.java,2014_0_2,2014_0_2
44,1,java,81302.java,27351.java,2014_0_2,2014_0_2
45,1,java,81302.java,41018.java,2014_0_2,2014_0_2
46,1,java,81302.java,110678.java,2014_0_2,2014_0_2
47,1,java,27351.java,41018.java,2014_0_2,2014_0_2
48,1,java,27351.java,110678.java,2014_0_2,2014_0_2
49,1,java,41018.java,110678.java,2014_0_2,2014_0_2
50,1,java,108079.java,27551.java,2014_0_3,2014_0_3
51,1,java,108079.java,99421.java,2014_0_3,2014_0_3
52,1,java,108079.java,22792.java,2014_0_3,2014_0_3
53,1,java,108079.java,71973.java,2014_0_3,2014_0_3
54,1,java,27551.java,99421.java,2014_0_3,2014_0_3
55,1,java,27551.java,22792.java,2014_0_3,2014_0_3
56,1,java,27551.java,71973.java,2014_0_3,2014_0_3
57,1,java,99421.java,22792.java,2014_0_3,2014_0_3
58,1,java,99421.java,71973.java,2014_0_3,2014_0_3
59,1,java,22792.java,71973.java,2014_0_3,2014_0_3
60,1,java,124976.java,115332.java,2014_2_1,2014_2_1
61,1,java,124976.java,119554.java,2014_2_1,2014_2_1
62,1,java,124976.java,126555.java,2014_2_1,2014_2_1
63,1,java,124976.java,125050.java,2014_2_1,2014_2_1
64,1,java,115332.java,119554.java,2014_2_1,2014_2_1
65,1,java,115332.java,126555.java,2014_2_1,2014_2_1
66,1,java,115332.java,125050.java,2014_2_1,2014_2_1
67,1,java,119554.java,126555.java,2014_2_1,2014_2_1
68,1,java,119554.java,125050.java,2014_2_1,2014_2_1
69,1,java,126555.java,125050.java,2014_2_1,2014_2_1
70,1,java,141827.java,137264.java,2014_3_1,2014_3_1
71,1,java,141827.java,138894.java,2014_3_1,2014_3_1
72,1,java,141827.java,136615.java,2014_3_1,2014_3_1
73,1,java,141827.java,138529.java,2014_3_1,2014_3_1
74,1,java,137264.java,138894.java,2014_3_1,2014_3_1
75,1,java,137264.java,136615.java,2014_3_1,2014_3_1
76,1,java,137264.java,138529.java,2014_3_1,2014_3_1
77,1,java,138894.java,136615.java,2014_3_1,2014_3_1
78,1,java,138894.java,138529.java,2014_3_1,2014_3_1
79,1,java,136615.java,138529.java,2014_3_1,2014_3_1
80,1,java,79967.java,35102.java,2015_0_1,2015_0_1
81,1,java,79967.java,68106.java,2015_0_1,2015_0_1
82,1,java,79967.java,65869.java,2015_0_1,2015_0_1
83,1,java,79967.java,46754.java,2015_0_1,2015_0_1
84,1,java,35102.java,68106.java,2015_0_1,2015_0_1
85,1,java,35102.java,65869.java,2015_0_1,2015_0_1
86,1,java,35102.java,46754.java,2015_0_1,2015_0_1
87,1,java,68106.java,65869.java,2015_0_1,2015_0_1
88,1,java,68106.java,46754.java,2015_0_1,2015_0_1
89,1,java,65869.java,46754.java,2015_0_1,2015_0_1
90,1,java,34257.java,32722.java,2015_0_2,2015_0_2
91,1,java,34257.java,77145.java,2015_0_2,2015_0_2
92,1,java,34257.java,72707.java,2015_0_2,2015_0_2
93,1,java,34257.java,68668.java,2015_0_2,2015_0_2
94,1,java,32722.java,77145.java,2015_0_2,2015_0_2
95,1,java,32722.java,72707.java,2015_0_2,2015_0_2
96,1,java,32722.java,68668.java,2015_0_2,2015_0_2
97,1,java,77145.java,72707.java,2015_0_2,2015_0_2
98,1,java,77145.java,68668.java,2015_0_2,2015_0_2
99,1,java,72707.java,68668.java,2015_0_2,2015_0_2
100,1,java,74464.java,88073.java,2015_0_3,2015_0_3
101,1,java,74464.java,21597.java,2015_0_3,2015_0_3
102,1,java,74464.java,62582.java,2015_0_3,2015_0_3
103,1,java,74464.java,107238.java,2015_0_3,2015_0_3
104,1,java,88073.java,21597.java,2015_0_3,2015_0_3
105,1,java,88073.java,62582.java,2015_0_3,2015_0_3
106,1,java,88073.java,107238.java,2015_0_3,2015_0_3
107,1,java,21597.java,62582.java,2015_0_3,2015_0_3
108,1,java,21597.java,107238.java,2015_0_3,2015_0_3
109,1,java,62582.java,107238.java,2015_0_3,2015_0_3
110,1,java,107149.java,96734.java,2015_0_4,2015_0_4
111,1,java,107149.java,79014.java,2015_0_4,2015_0_4
112,1,java,107149.java,21673.java,2015_0_4,2015_0_4
113,1,java,107149.java,77477.java,2015_0_4,2015_0_4
114,1,java,96734.java,79014.java,2015_0_4,2015_0_4
115,1,java,96734.java,21673.java,2015_0_4,2015_0_4
116,1,java,96734.java,77477.java,2015_0_4,2015_0_4
117,1,java,79014.java,21673.java,2015_0_4,2015_0_4
118,1,java,79014.java,77477.java,2015_0_4,2015_0_4
119,1,java,21673.java,77477.java,2015_0_4,2015_0_4
120,1,java,127730.java,114491.java,2015_1_1,2015_1_1
121,1,java,127730.java,125935.java,2015_1_1,2015_1_1
122,1,java,127730.java,124925.java,2015_1_1,2015_1_1
123,1,java,127730.java,115055.java,2015_1_1,2015_1_1
124,1,java,114491.java,125935.java,2015_1_1,2015_1_1
125,1,java,114491.java,124925.java,2015_1_1,2015_1_1
126,1,java,114491.java,115055.java,2015_1_1,2015_1_1
127,1,java,125935.java,124925.java,2015_1_1,2015_1_1
128,1,java,125935.java,115055.java,2015_1_1,2015_1_1
129,1,java,124925.java,115055.java,2015_1_1,2015_1_1
130,1,java,60475.java,69477.java,2016_0_1,2016_0_1
131,1,java,60475.java,123558.java,2016_0_1,2016_0_1
132,1,java,60475.java,55901.java,2016_0_1,2016_0_1
133,1,java,60475.java,72044.java,2016_0_1,2016_0_1
134,1,java,69477.java,123558.java,2016_0_1,2016_0_1
135,1,java,69477.java,55901.java,2016_0_1,2016_0_1
136,1,java,69477.java,72044.java,2016_0_1,2016_0_1
137,1,java,123558.java,55901.java,2016_0_1,2016_0_1
138,1,java,123558.java,72044.java,2016_0_1,2016_0_1
139,1,java,55901.java,72044.java,2016_0_1,2016_0_1
140,1,java,68074.java,150691.java,2016_0_2,2016_0_2
141,1,java,68074.java,125812.java,2016_0_2,2016_0_2
142,1,java,68074.java,88861.java,2016_0_2,2016_0_2
143,1,java,68074.java,162423.java,2016_0_2,2016_0_2
144,1,java,150691.java,125812.java,2016_0_2,2016_0_2
145,1,java,150691.java,88861.java,2016_0_2,2016_0_2
146,1,java,150691.java,162423.java,2016_0_2,2016_0_2
147,1,java,125812.java,88861.java,2016_0_2,2016_0_2
148,1,java,125812.java,162423.java,2016_0_2,2016_0_2
149,1,java,88861.java,162423.java,2016_0_2,2016_0_2
150,1,java,100472.java,129913.java,2016_0_4,2016_0_4
151,1,java,100472.java,58218.java,2016_0_4,2016_0_4
152,1,java,100472.java,63729.java,2016_0_4,2016_0_4
153,1,java,100472.java,138317.java,2016_0_4,2016_0_4
154,1,java,129913.java,58218.java,2016_0_4,2016_0_4
155,1,java,129913.java,63729.java,2016_0_4,2016_0_4
156,1,java,129913.java,138317.java,2016_0_4,2016_0_4
157,1,java,58218.java,63729.java,2016_0_4,2016_0_4
158,1,java,58218.java,138317.java,2016_0_4,2016_0_4
159,1,java,63729.java,138317.java,2016_0_4,2016_0_4
160,1,java,1153.java,14479.java,2016_1_1,2016_1_1
161,1,java,1153.java,8299.java,2016_1_1,2016_1_1
162,1,java,1153.java,29796.java,2016_1_1,2016_1_1
163,1,java,1153.java,2003.java,2016_1_1,2016_1_1
164,1,java,14479.java,8299.java,2016_1_1,2016_1_1
165,1,java,14479.java,29796.java,2016_1_1,2016_1_1
166,1,java,14479.java,2003.java,2016_1_1,2016_1_1
167,1,java,8299.java,29796.java,2016_1_1,2016_1_1
168,1,java,8299.java,2003.java,2016_1_1,2016_1_1
169,1,java,29796.java,2003.java,2016_1_1,2016_1_1
170,1,java,8152.java,31984.java,2016_1_2,2016_1_2
171,1,java,8152.java,20611.java,2016_1_2,2016_1_2
172,1,java,8152.java,19093.java,2016_1_2,2016_1_2
173,1,java,8152.java,30007.java,2016_1_2,2016_1_2
174,1,java,31984.java,20611.java,2016_1_2,2016_1_2
175,1,java,31984.java,19093.java,2016_1_2,2016_1_2
176,1,java,31984.java,30007.java,2016_1_2,2016_1_2
177,1,java,20611.java,19093.java,2016_1_2,2016_1_2
178,1,java,20611.java,30007.java,2016_1_2,2016_1_2
179,1,java,19093.java,30007.java,2016_1_2,2016_1_2
180,1,java,197689.java,192495.java,2016_2_1,2016_2_1
181,1,java,197689.java,187476.java,2016_2_1,2016_2_1
182,1,java,197689.java,193269.java,2016_2_1,2016_2_1
183,1,java,197689.java,184367.java,2016_2_1,2016_2_1
184,1,java,192495.java,187476.java,2016_2_1,2016_2_1
185,1,java,192495.java,193269.java,2016_2_1,2016_2_1
186,1,java,192495.java,184367.java,2016_2_1,2016_2_1
187,1,java,187476.java,193269.java,2016_2_1,2016_2_1
188,1,java,187476.java,184367.java,2016_2_1,2016_2_1
189,1,java,193269.java,184367.java,2016_2_1,2016_2_1
190,1,java,205670.java,211583.java,2016_3_1,2016_3_1
191,1,java,205670.java,210871.java,2016_3_1,2016_3_1
192,1,java,205670.java,218815.java,2016_3_1,2016_3_1
193,1,java,205670.java,207727.java,2016_3_1,2016_3_1
194,1,java,211583.java,210871.java,2016_3_1,2016_3_1
195,1,java,211583.java,218815.java,2016_3_1,2016_3_1
196,1,java,211583.java,207727.java,2016_3_1,2016_3_1
197,1,java,210871.java,218815.java,2016_3_1,2016_3_1
198,1,java,210871.java,207727.java,2016_3_1,2016_3_1
199,1,java,218815.java,207727.java,2016_3_1,2016_3_1
200,0,java,84294.java,218815.java,2013_0_1,2016_3_1
201,0,java,84294.java,124925.java,2013_0_1,2015_1_1
202,0,java,84294.java,88861.java,2013_0_1,2016_0_2
203,0,java,84294.java,107403.java,2013_0_1,2014_0_2
204,0,java,58633.java,62582.java,2013_0_1,2015_0_3
205,0,java,58633.java,35305.java,2013_0_1,2013_1_1
206,0,java,58633.java,100472.java,2013_0_1,2016_0_4
207,0,java,124149.java,68106.java,2013_0_1,2015_0_1
208,0,java,124149.java,8152.java,2013_0_1,2016_1_2
209,0,java,88116.java,2003.java,2013_0_1,2016_1_1
210,0,java,95524.java,88073.java,2013_0_2,2015_0_3
211,0,java,95524.java,63729.java,2013_0_2,2016_0_4
212,0,java,95524.java,71973.java,2013_0_2,2014_0_3
213,0,java,95524.java,205670.java,2013_0_2,2016_3_1
214,0,java,44471.java,118052.java,2013_0_2,2013_0_3
215,0,java,44471.java,55548.java,2013_0_2,2013_0_3
216,0,java,44471.java,30007.java,2013_0_2,2016_1_2
217,0,java,55421.java,125050.java,2013_0_2,2014_2_1
218,0,java,55421.java,68106.java,2013_0_2,2015_0_1
219,0,java,90919.java,35305.java,2013_0_2,2013_1_1
220,0,java,55548.java,125050.java,2013_0_3,2014_2_1
221,0,java,55548.java,30610.java,2013_0_3,2013_1_1
222,0,java,55548.java,62582.java,2013_0_3,2015_0_3
223,0,java,55548.java,79967.java,2013_0_3,2015_0_1
224,0,java,94901.java,124925.java,2013_0_3,2015_1_1
225,0,java,94901.java,31984.java,2013_0_3,2016_1_2
226,0,java,94901.java,88073.java,2013_0_3,2015_0_3
227,0,java,78294.java,108079.java,2013_0_3,2014_0_3
228,0,java,78294.java,21597.java,2013_0_3,2015_0_3
229,0,java,118052.java,74464.java,2013_0_3,2015_0_3
230,0,java,35305.java,115332.java,2013_1_1,2014_2_1
231,0,java,35305.java,197689.java,2013_1_1,2016_2_1
232,0,java,35305.java,138529.java,2013_1_1,2014_3_1
233,0,java,35305.java,184367.java,2013_1_1,2016_2_1
234,0,java,30788.java,187476.java,2013_1_1,2016_2_1
235,0,java,30788.java,20611.java,2013_1_1,2016_1_2
236,0,java,30788.java,114653.java,2013_1_1,2013_0_2
237,0,java,30610.java,8299.java,2013_1_1,2016_1_1
238,0,java,30610.java,31984.java,2013_1_1,2016_1_2
239,0,java,30305.java,27551.java,2013_1_1,2014_0_3
240,0,java,107403.java,88861.java,2014_0_2,2016_0_2
241,0,java,107403.java,218815.java,2014_0_2,2016_3_1
242,0,java,107403.java,137264.java,2014_0_2,2014_3_1
243,0,java,107403.java,108079.java,2014_0_2,2014_0_3
244,0,java,81302.java,115055.java,2014_0_2,2015_1_1
245,0,java,81302.java,62582.java,2014_0_2,2015_0_3
246,0,java,81302.java,138529.java,2014_0_2,2014_3_1
247,0,java,27351.java,31984.java,2014_0_2,2016_1_2
248,0,java,27351.java,193269.java,2014_0_2,2016_2_1
249,0,java,41018.java,129913.java,2014_0_2,2016_0_4
250,0,java,108079.java,126555.java,2014_0_3,2014_2_1
251,0,java,108079.java,187476.java,2014_0_3,2016_2_1
252,0,java,108079.java,32722.java,2014_0_3,2015_0_2
253,0,java,108079.java,55421.java,2014_0_3,2013_0_2
254,0,java,27551.java,125050.java,2014_0_3,2014_2_1
255,0,java,27551.java,124226.java,2014_0_3,2013_0_1
256,0,java,27551.java,34257.java,2014_0_3,2015_0_2
257,0,java,99421.java,96734.java,2014_0_3,2015_0_4
258,0,java,99421.java,138529.java,2014_0_3,2014_3_1
259,0,java,22792.java,90919.java,2014_0_3,2013_0_2
260,0,java,124976.java,99421.java,2014_2_1,2014_0_3
261,0,java,124976.java,58218.java,2014_2_1,2016_0_4
262,0,java,124976.java,211583.java,2014_2_1,2016_3_1
263,0,java,124976.java,34257.java,2014_2_1,2015_0_2
264,0,java,115332.java,99421.java,2014_2_1,2014_0_3
265,0,java,115332.java,19093.java,2014_2_1,2016_1_2
266,0,java,115332.java,55901.java,2014_2_1,2016_0_1
267,0,java,119554.java,107149.java,2014_2_1,2015_0_4
268,0,java,119554.java,20611.java,2014_2_1,2016_1_2
269,0,java,126555.java,124925.java,2014_2_1,2015_1_1
270,0,java,141827.java,30305.java,2014_3_1,2013_1_1
271,0,java,141827.java,126555.java,2014_3_1,2014_2_1
272,0,java,141827.java,30610.java,2014_3_1,2013_1_1
273,0,java,141827.java,115332.java,2014_3_1,2014_2_1
274,0,java,137264.java,129913.java,2014_3_1,2016_0_4
275,0,java,137264.java,88861.java,2014_3_1,2016_0_2
276,0,java,137264.java,126555.java,2014_3_1,2014_2_1
277,0,java,138894.java,138317.java,2014_3_1,2016_0_4
278,0,java,138894.java,77477.java,2014_3_1,2015_0_4
279,0,java,136615.java,138317.java,2014_3_1,2016_0_4
280,0,java,79967.java,96734.java,2015_0_1,2015_0_4
281,0,java,79967.java,88073.java,2015_0_1,2015_0_3
282,0,java,79967.java,22792.java,2015_0_1,2014_0_3
283,0,java,79967.java,30610.java,2015_0_1,2013_1_1
284,0,java,35102.java,68074.java,2015_0_1,2016_0_2
285,0,java,35102.java,55901.java,2015_0_1,2016_0_1
286,0,java,35102.java,94901.java,2015_0_1,2013_0_3
287,0,java,68106.java,44471.java,2015_0_1,2013_0_2
288,0,java,68106.java,83531.java,2015_0_1,2013_0_3
289,0,java,65869.java,40715.java,2015_0_1,2013_1_1
290,0,java,34257.java,8152.java,2015_0_2,2016_1_2
291,0,java,34257.java,107403.java,2015_0_2,2014_0_2
292,0,java,34257.java,187476.java,2015_0_2,2016_2_1
293,0,java,34257.java,77477.java,2015_0_2,2015_0_4
294,0,java,32722.java,14479.java,2015_0_2,2016_1_1
295,0,java,32722.java,90919.java,2015_0_2,2013_0_2
296,0,java,32722.java,107238.java,2015_0_2,2015_0_3
297,0,java,77145.java,62582.java,2015_0_2,2015_0_3
298,0,java,77145.java,14479.java,2015_0_2,2016_1_1
299,0,java,72707.java,115055.java,2015_0_2,2015_1_1
300,0,java,74464.java,125812.java,2015_0_3,2016_0_2
301,0,java,74464.java,119554.java,2015_0_3,2014_2_1
302,0,java,74464.java,100472.java,2015_0_3,2016_0_4
303,0,java,74464.java,58633.java,2015_0_3,2013_0_1
304,0,java,88073.java,187476.java,2015_0_3,2016_2_1
305,0,java,88073.java,210871.java,2015_0_3,2016_3_1
306,0,java,88073.java,83531.java,2015_0_3,2013_0_3
307,0,java,21597.java,187476.java,2015_0_3,2016_2_1
308,0,java,21597.java,88861.java,2015_0_3,2016_0_2
309,0,java,62582.java,125050.java,2015_0_3,2014_2_1
310,0,java,107149.java,20611.java,2015_0_4,2016_1_2
311,0,java,107149.java,65869.java,2015_0_4,2015_0_1
312,0,java,107149.java,83531.java,2015_0_4,2013_0_3
313,0,java,107149.java,138894.java,2015_0_4,2014_3_1
314,0,java,96734.java,127730.java,2015_0_4,2015_1_1
315,0,java,96734.java,107403.java,2015_0_4,2014_0_2
316,0,java,96734.java,124925.java,2015_0_4,2015_1_1
317,0,java,79014.java,84294.java,2015_0_4,2013_0_1
318,0,java,79014.java,210871.java,2015_0_4,2016_3_1
319,0,java,21673.java,210871.java,2015_0_4,2016_3_1
320,0,java,127730.java,126555.java,2015_1_1,2014_2_1
321,0,java,127730.java,72044.java,2015_1_1,2016_0_1
322,0,java,127730.java,27351.java,2015_1_1,2014_0_2
323,0,java,127730.java,72044.java,2015_1_1,2016_0_1
324,0,java,114491.java,118052.java,2015_1_1,2013_0_3
325,0,java,114491.java,8152.java,2015_1_1,2016_1_2
326,0,java,114491.java,136615.java,2015_1_1,2014_3_1
327,0,java,125935.java,31984.java,2015_1_1,2016_1_2
328,0,java,125935.java,72044.java,2015_1_1,2016_0_1
329,0,java,124925.java,8299.java,2015_1_1,2016_1_1
330,0,java,60475.java,108079.java,2016_0_1,2014_0_3
331,0,java,60475.java,40715.java,2016_0_1,2013_1_1
332,0,java,60475.java,77145.java,2016_0_1,2015_0_2
333,0,java,60475.java,107403.java,2016_0_1,2014_0_2
334,0,java,69477.java,162423.java,2016_0_1,2016_0_2
335,0,java,69477.java,125812.java,2016_0_1,2016_0_2
336,0,java,69477.java,84294.java,2016_0_1,2013_0_1
337,0,java,123558.java,14479.java,2016_0_1,2016_1_1
338,0,java,123558.java,35102.java,2016_0_1,2015_0_1
339,0,java,55901.java,125935.java,2016_0_1,2015_1_1
340,0,java,68074.java,124149.java,2016_0_2,2013_0_1
341,0,java,68074.java,83531.java,2016_0_2,2013_0_3
342,0,java,68074.java,32722.java,2016_0_2,2015_0_2
343,0,java,68074.java,138529.java,2016_0_2,2014_3_1
344,0,java,150691.java,124976.java,2016_0_2,2014_2_1
345,0,java,150691.java,55421.java,2016_0_2,2013_0_2
346,0,java,150691.java,124976.java,2016_0_2,2014_2_1
347,0,java,125812.java,58218.java,2016_0_2,2016_0_4
348,0,java,125812.java,55548.java,2016_0_2,2013_0_3
349,0,java,88861.java,55548.java,2016_0_2,2013_0_3
350,0,java,100472.java,218815.java,2016_0_4,2016_3_1
351,0,java,100472.java,125935.java,2016_0_4,2015_1_1
352,0,java,100472.java,90919.java,2016_0_4,2013_0_2
353,0,java,100472.java,55901.java,2016_0_4,2016_0_1
354,0,java,129913.java,30788.java,2016_0_4,2013_1_1
355,0,java,129913.java,30788.java,2016_0_4,2013_1_1
356,0,java,129913.java,30007.java,2016_0_4,2016_1_2
357,0,java,58218.java,127730.java,2016_0_4,2015_1_1
358,0,java,58218.java,68074.java,2016_0_4,2016_0_2
359,0,java,63729.java,81302.java,2016_0_4,2014_0_2
360,0,java,1153.java,126555.java,2016_1_1,2014_2_1
361,0,java,1153.java,123558.java,2016_1_1,2016_0_1
362,0,java,1153.java,58218.java,2016_1_1,2016_0_4
363,0,java,1153.java,107238.java,2016_1_1,2015_0_3
364,0,java,14479.java,99421.java,2016_1_1,2014_0_3
365,0,java,14479.java,72044.java,2016_1_1,2016_0_1
366,0,java,14479.java,218815.java,2016_1_1,2016_3_1
367,0,java,8299.java,193269.java,2016_1_1,2016_2_1
368,0,java,8299.java,108079.java,2016_1_1,2014_0_3
369,0,java,29796.java,211583.java,2016_1_1,2016_3_1
370,0,java,8152.java,138529.java,2016_1_2,2014_3_1
371,0,java,8152.java,88073.java,2016_1_2,2015_0_3
372,0,java,8152.java,197689.java,2016_1_2,2016_2_1
373,0,java,8152.java,29796.java,2016_1_2,2016_1_1
374,0,java,31984.java,77145.java,2016_1_2,2015_0_2
375,0,java,31984.java,96734.java,2016_1_2,2015_0_4
376,0,java,31984.java,69477.java,2016_1_2,2016_0_1
377,0,java,20611.java,79014.java,2016_1_2,2015_0_4
378,0,java,20611.java,35305.java,2016_1_2,2013_1_1
379,0,java,19093.java,115332.java,2016_1_2,2014_2_1
380,0,java,197689.java,22792.java,2016_2_1,2014_0_3
381,0,java,197689.java,90919.java,2016_2_1,2013_0_2
382,0,java,197689.java,65869.java,2016_2_1,2015_0_1
383,0,java,197689.java,124149.java,2016_2_1,2013_0_1
384,0,java,192495.java,100472.java,2016_2_1,2016_0_4
385,0,java,192495.java,68074.java,2016_2_1,2016_0_2
386,0,java,192495.java,71973.java,2016_2_1,2014_0_3
387,0,java,187476.java,100472.java,2016_2_1,2016_0_4
388,0,java,187476.java,22792.java,2016_2_1,2014_0_3
389,0,java,193269.java,84294.java,2016_2_1,2013_0_1
390,0,java,205670.java,114653.java,2016_3_1,2013_0_2
391,0,java,205670.java,197689.java,2016_3_1,2016_2_1
392,0,java,205670.java,1153.java,2016_3_1,2016_1_1
393,0,java,205670.java,55421.java,2016_3_1,2013_0_2
394,0,java,211583.java,71973.java,2016_3_1,2014_0_3
395,0,java,211583.java,90919.java,2016_3_1,2013_0_2
396,0,java,211583.java,124226.java,2016_3_1,2013_0_1
397,0,java,210871.java,68106.java,2016_3_1,2015_0_1
398,0,java,210871.java,114653.java,2016_3_1,2013_0_2
399,0,java,218815.java,60475.java,2016_3_1,2016_0_1
